time,l_val,predicted_label,confidence
1.53063E+12,4,4,0.978914
1.53063E+12,4,4,0.990531
1.53063E+12,4,4,0.9932836
1.53063E+12,4,4,0.9934471
1.53063E+12,4,4,0.9940084
1.53063E+12,4,4,0.99422604
1.53063E+12,4,4,0.9954542
1.53063E+12,4,4,0.998319
1.53063E+12,4,4,0.9991793
1.53063E+12,4,4,0.99921966
1.53063E+12,4,4,0.999146
1.53063E+12,4,4,0.99907315
1.53063E+12,4,4,0.99899524
1.53063E+12,4,4,0.9991425
1.53063E+12,4,4,0.9992549
1.53063E+12,4,4,0.9992663
1.53063E+12,4,4,0.9991198
1.53063E+12,4,4,0.9981834
1.53063E+12,4,4,0.9983847
1.53063E+12,4,4,0.9984074
1.53063E+12,4,4,0.9989606
1.53063E+12,4,4,0.99929047
1.53063E+12,4,4,0.9992569
1.53063E+12,4,4,0.9992642
1.53063E+12,4,4,0.99922585
1.53063E+12,4,4,0.9992243
1.53063E+12,4,4,0.9992036
1.53063E+12,4,4,0.99918634
1.53063E+12,4,4,0.9991775
1.53063E+12,4,4,0.9992747
1.53063E+12,4,4,0.99933285
1.53063E+12,4,4,0.99941087
1.53063E+12,4,4,0.9993017
1.53063E+12,4,4,0.9991399
1.53063E+12,4,4,0.9986842
1.53063E+12,4,4,0.99817026
1.53063E+12,4,4,0.99756086
1.53063E+12,4,4,0.99764234
1.53063E+12,4,4,0.99785185
1.53063E+12,4,4,0.99867475
1.53063E+12,4,4,0.99909735
1.53063E+12,4,4,0.99933606
1.53063E+12,4,4,0.99930286
1.53063E+12,4,4,0.9990175
1.53063E+12,4,4,0.99868375
1.53063E+12,4,4,0.99834704
1.53063E+12,4,4,0.99843735
1.53063E+12,4,4,0.9988366
1.53063E+12,4,4,0.99924797
1.53063E+12,4,4,0.9995017
1.53063E+12,4,4,0.9994374
1.53063E+12,4,4,0.99936825
1.53063E+12,4,4,0.9992866
1.53063E+12,4,4,0.999246
1.53063E+12,4,4,0.9993259
1.53063E+12,4,4,0.9994905
1.53063E+12,4,4,0.99952924
1.53063E+12,4,4,0.9996138
1.53063E+12,4,4,0.99958557
1.53063E+12,4,4,0.99956375
1.53063E+12,4,4,0.999548
1.53063E+12,4,4,0.99957055
1.53063E+12,4,4,0.99964106
1.53063E+12,4,4,0.9996803
1.53063E+12,4,4,0.99952996
1.53063E+12,4,4,0.99947447
1.53063E+12,4,4,0.9994054
1.53063E+12,4,4,0.9994411
1.53063E+12,4,4,0.99941874
1.53063E+12,4,4,0.99942434
1.53063E+12,4,4,0.9995634
1.53063E+12,4,4,0.9996948
1.53063E+12,4,4,0.9996896
1.53063E+12,4,4,0.9995442
1.53063E+12,4,4,0.999468
1.53063E+12,4,4,0.9994424
1.53063E+12,4,4,0.99941325
1.53063E+12,4,4,0.9994523
1.53063E+12,4,4,0.9995203
1.53063E+12,4,4,0.9995004
1.53063E+12,4,4,0.99946874
1.53063E+12,4,4,0.9993253
1.53063E+12,4,4,0.9993389
1.53063E+12,4,4,0.9993236
1.53063E+12,4,4,0.999286
1.53063E+12,4,4,0.9994281
1.53063E+12,4,4,0.9996382
1.53063E+12,4,4,0.9996978
1.53063E+12,4,4,0.99969375
1.53063E+12,4,4,0.99956506
1.53063E+12,4,4,0.99946326
1.53063E+12,4,4,0.9994143
1.53063E+12,4,4,0.9994499
1.53063E+12,4,4,0.99934703
1.53063E+12,4,4,0.9992168
1.53063E+12,4,4,0.9991623
1.53063E+12,4,4,0.999332
1.53063E+12,4,4,0.99943
1.53063E+12,4,4,0.99951434
1.53063E+12,4,4,0.9995803
1.53063E+12,4,4,0.9995964
1.53063E+12,4,4,0.99958736
1.53063E+12,4,4,0.99957496
1.53063E+12,4,4,0.9995697
1.53063E+12,4,4,0.99959165
1.53063E+12,4,4,0.9996637
1.53063E+12,4,4,0.99973613
1.53063E+12,4,4,0.9997842
1.53063E+12,4,4,0.9998098
1.53063E+12,4,4,0.9998097
1.53063E+12,4,4,0.9997981
1.53063E+12,4,4,0.99975175
1.53063E+12,4,4,0.99970704
1.53063E+12,4,4,0.9996562
1.53063E+12,4,4,0.9996716
1.53063E+12,4,4,0.99967074
1.53063E+12,4,4,0.99968183
1.53063E+12,4,4,0.9996668
1.53063E+12,4,4,0.99961746
1.53063E+12,4,4,0.99944645
1.53063E+12,4,4,0.99910295
1.53063E+12,4,4,0.99873334
1.53063E+12,4,4,0.9986877
1.53063E+12,4,4,0.9988017
1.53063E+12,4,4,0.9989882
1.53063E+12,4,4,0.9992084
1.53063E+12,4,4,0.9993395
1.53063E+12,4,4,0.99919647
1.53063E+12,4,4,0.99927336
1.53063E+12,4,4,0.999271
1.53063E+12,4,4,0.9993012
1.53063E+12,4,4,0.99936074
1.53063E+12,4,4,0.999244
1.53063E+12,4,4,0.99925345
1.53063E+12,4,4,0.9990878
1.53063E+12,4,4,0.9979231
1.53063E+12,4,4,0.9976598
1.53063E+12,4,4,0.9978263
1.53063E+12,4,4,0.9983375
1.53063E+12,4,4,0.9983845
1.53063E+12,4,4,0.99860424
1.53063E+12,4,4,0.9987105
1.53063E+12,4,4,0.99848014
1.53063E+12,4,4,0.9980716
1.53063E+12,4,4,0.99796116
1.53063E+12,4,4,0.9982541
1.53063E+12,4,4,0.99863523
1.53063E+12,4,4,0.9986902
1.53063E+12,4,4,0.99857795
1.53063E+12,4,4,0.99835664
1.53063E+12,4,4,0.9981956
1.53063E+12,4,4,0.9981882
1.53063E+12,4,4,0.9980831
1.53063E+12,4,4,0.99806577
1.53063E+12,4,4,0.9982906
1.53063E+12,4,4,0.99836355
1.53063E+12,4,4,0.9982583
1.53063E+12,4,4,0.99822515
1.53063E+12,4,4,0.9982893
1.53063E+12,4,4,0.9980422
1.53063E+12,4,4,0.99766684
1.53063E+12,4,4,0.9979074
1.53063E+12,4,4,0.9981097
1.53063E+12,4,4,0.99817336
1.53063E+12,4,4,0.9978994
1.53063E+12,4,4,0.99796104
1.53063E+12,4,4,0.99809676
1.53063E+12,4,4,0.9977276
1.53063E+12,4,4,0.9973133
1.53063E+12,4,4,0.99720395
1.53063E+12,4,4,0.996838
1.53063E+12,4,4,0.996789
1.53063E+12,4,4,0.99692
1.53063E+12,4,4,0.9970764
1.53063E+12,4,4,0.9969041
1.53063E+12,4,4,0.99623126
1.53063E+12,4,4,0.9959694
1.53063E+12,4,4,0.9955179
1.53063E+12,4,4,0.9956311
1.53063E+12,4,4,0.9957261
1.53063E+12,4,4,0.9959521
1.53063E+12,4,4,0.9960679
1.53063E+12,4,4,0.9961343
1.53063E+12,4,4,0.9949149
1.53063E+12,4,4,0.9957384
1.53063E+12,4,4,0.9954983
1.53063E+12,4,4,0.995255
1.53063E+12,4,4,0.9952402
1.53063E+12,4,4,0.9946496
1.53063E+12,4,4,0.9944753
1.53063E+12,4,4,0.9933595
1.53063E+12,4,4,0.99048936
1.53063E+12,4,4,0.9879287
1.53063E+12,4,4,0.98756045
1.53063E+12,4,4,0.986273
1.53063E+12,4,4,0.9871644
1.53063E+12,4,4,0.986691
1.53063E+12,4,4,0.9872169
1.53063E+12,4,4,0.9843104
1.53063E+12,4,4,0.97408354
1.53063E+12,4,4,0.9631923
1.53063E+12,4,4,0.9657168
1.53063E+12,4,4,0.9642109
1.53063E+12,4,4,0.96694374
1.53063E+12,4,4,0.96223366
1.53063E+12,4,4,0.9656316
1.53063E+12,4,4,0.9612193
1.53063E+12,4,4,0.95064235
1.53063E+12,4,4,0.9446737
1.53063E+12,4,4,0.9511057
1.53063E+12,4,4,0.95224166
1.53063E+12,4,4,0.9498288
1.53063E+12,4,4,0.94231564
1.53063E+12,4,4,0.9444876
1.53063E+12,4,4,0.9481242
1.53063E+12,4,4,0.9530305
1.53063E+12,4,4,0.9587448
1.53063E+12,4,4,0.9587189
1.53063E+12,4,4,0.9592632
1.53063E+12,4,4,0.95310384
1.53063E+12,4,4,0.92991674
1.53063E+12,4,4,0.9242347
1.53063E+12,4,4,0.93404984
1.53063E+12,4,4,0.9429549
1.53063E+12,4,4,0.94597083
1.53063E+12,4,4,0.95117605
1.53063E+12,4,4,0.95865333
1.53063E+12,4,4,0.96394503
1.53063E+12,4,4,0.9665572
1.53063E+12,4,4,0.96047103
1.53063E+12,4,4,0.9518153
1.53063E+12,4,4,0.9429188
1.53063E+12,4,4,0.93444633
1.53063E+12,4,4,0.93392336
1.53063E+12,4,4,0.926969
1.53063E+12,4,4,0.93070865
1.53063E+12,4,4,0.9298213
1.53063E+12,4,4,0.92871416
1.53063E+12,4,4,0.90316975
1.53063E+12,4,4,0.86479133
1.53063E+12,4,4,0.76908404
1.53063E+12,4,4,0.7097645
1.53063E+12,4,4,0.63211393
1.53063E+12,4,4,0.6328136
1.53063E+12,4,4,0.6521961
1.53063E+12,4,4,0.6512449
1.53063E+12,4,4,0.56192005
1.53063E+12,4,2,0.55208653
1.53063E+12,4,2,0.7834815
1.53063E+12,4,2,0.8556325
1.53063E+12,4,2,0.89871275
1.53063E+12,4,2,0.8775567
1.53063E+12,4,2,0.89676654
1.53063E+12,4,2,0.87064755
1.53063E+12,4,2,0.91778386
1.53063E+12,4,2,0.9476228
1.53063E+12,4,2,0.9756885
1.53063E+12,4,2,0.9830739
1.53063E+12,4,2,0.9866839
1.53063E+12,2,2,0.98657125
1.53063E+12,2,2,0.98533756
1.53063E+12,2,2,0.98419696
1.53063E+12,2,2,0.9864433
1.53063E+12,2,2,0.98936427
1.53063E+12,2,2,0.99144226
1.53063E+12,2,2,0.9914352
1.53063E+12,2,2,0.9908087
1.53063E+12,2,2,0.9894009
1.53063E+12,2,2,0.9839697
1.53063E+12,2,2,0.9799713
1.53063E+12,2,2,0.9794515
1.53063E+12,2,2,0.9815153
1.53063E+12,2,2,0.9813587
1.53063E+12,2,2,0.9795151
1.53063E+12,2,2,0.9782633
1.53063E+12,2,2,0.98000425
1.53063E+12,2,2,0.9834073
1.53063E+12,2,2,0.98654747
1.53063E+12,2,2,0.9886457
1.53063E+12,2,2,0.9905697
1.53063E+12,2,2,0.99241126
1.53063E+12,2,2,0.99314284
1.53063E+12,2,2,0.9932192
1.53063E+12,2,2,0.9908422
1.53063E+12,2,2,0.98950225
1.53063E+12,2,2,0.98788226
1.53063E+12,2,2,0.99051744
1.53063E+12,2,2,0.9931677
1.53063E+12,2,2,0.9957567
1.53063E+12,2,2,0.9963858
1.53063E+12,2,2,0.9974093
1.53063E+12,2,2,0.9975332
1.53063E+12,2,2,0.9973117
1.53063E+12,2,2,0.9971227
1.53063E+12,2,2,0.99764436
1.53063E+12,2,2,0.99769634
1.53063E+12,2,2,0.9984952
1.53063E+12,2,2,0.99864143
1.53063E+12,2,2,0.998949
1.53063E+12,2,2,0.9989754
1.53063E+12,2,2,0.99895203
1.53063E+12,2,2,0.9988857
1.53063E+12,2,2,0.99906474
1.53063E+12,2,2,0.99925834
1.53063E+12,2,2,0.99942005
1.53063E+12,2,2,0.9995222
1.53063E+12,2,2,0.9996742
1.53063E+12,2,2,0.9996705
1.53063E+12,2,2,0.9996364
1.53063E+12,2,2,0.9996263
1.53063E+12,2,2,0.999713
1.53063E+12,2,2,0.999747
1.53063E+12,2,2,0.9996246
1.53063E+12,2,2,0.99927384
1.53063E+12,2,2,0.9996008
1.53063E+12,2,2,0.9997758
1.53063E+12,2,2,0.99989414
1.53063E+12,2,2,0.9999038
1.53063E+12,2,2,0.99993515
1.53063E+12,2,2,0.999933
1.53063E+12,2,2,0.99997246
1.53063E+12,2,2,0.9999424
1.53063E+12,2,2,0.9999275
1.53063E+12,2,2,0.99994946
1.53063E+12,2,2,0.99992645
1.53063E+12,2,2,0.99986696
1.53063E+12,2,2,0.99997425
1.53063E+12,2,2,0.99976295
1.53063E+12,2,2,0.9999664
1.53063E+12,2,2,0.9999896
1.53063E+12,2,2,0.99998176
1.53063E+12,2,2,0.99998534
1.53063E+12,2,2,0.99996305
1.53063E+12,2,2,0.9999813
1.53063E+12,2,2,0.9999713
1.53063E+12,2,2,0.9999738
1.53063E+12,2,2,0.9999651
1.53063E+12,2,2,0.99994457
1.53063E+12,2,2,0.99985504
1.53063E+12,2,2,0.99985814
1.53063E+12,2,2,0.99989974
1.53063E+12,2,2,0.9999069
1.53063E+12,2,2,0.99990857
1.53063E+12,2,2,0.9999496
1.53063E+12,2,2,0.9999887
1.53063E+12,2,2,0.9999925
1.53063E+12,2,2,0.9999987
1.53063E+12,2,2,0.9999963
1.53063E+12,2,2,0.99999475
1.53063E+12,2,2,0.99999535
1.53063E+12,2,2,0.9999931
1.53063E+12,2,2,0.9999901
1.53063E+12,2,2,0.9999871
1.53063E+12,2,2,0.99998343
1.53063E+12,2,2,0.9999832
1.53063E+12,2,2,0.9999796
1.53063E+12,2,2,0.99997914
1.53063E+12,2,2,0.9999819
1.53063E+12,2,2,0.9999864
1.53063E+12,2,2,0.9999852
1.53063E+12,2,2,0.99997723
1.53063E+12,2,2,0.99997926
1.53063E+12,2,2,0.999966
1.53063E+12,2,2,0.9998423
1.53063E+12,2,2,0.9998659
1.53063E+12,2,2,0.99997103
1.53063E+12,2,2,0.99998045
1.53063E+12,2,2,0.99998045
1.53063E+12,2,2,0.9999863
1.53063E+12,2,2,0.999995
1.53063E+12,2,2,0.9999964
1.53063E+12,2,2,0.9999957
1.53063E+12,2,2,0.9999964
1.53063E+12,2,2,0.99999726
1.53063E+12,2,2,0.99996924
1.53063E+12,2,2,0.9999975
1.53063E+12,2,2,0.9999819
1.53063E+12,2,2,0.99998367
1.53063E+12,2,2,0.9999893
1.53063E+12,2,2,0.9999883
1.53063E+12,2,2,0.99998724
1.53063E+12,2,2,0.9999893
1.53063E+12,2,2,0.99999154
1.53063E+12,2,2,0.99999166
1.53063E+12,2,2,0.99999833
1.53063E+12,2,2,0.99999833
1.53063E+12,2,2,0.99999845
1.53063E+12,2,2,0.9999988
1.53063E+12,2,2,0.9999989
1.53063E+12,2,2,0.9999995
1.53063E+12,2,2,0.9999987
1.53063E+12,2,2,0.9999963
1.53063E+12,2,2,0.99999845
1.53063E+12,2,2,0.9999994
1.53063E+12,2,2,0.99999976
1.53063E+12,2,2,0.9999995
1.53063E+12,2,2,0.99999964
1.53063E+12,2,2,0.9999994
1.53063E+12,2,2,0.99999976
1.53063E+12,2,2,0.99999976
1.53063E+12,2,2,0.99999964
1.53063E+12,2,2,0.9999995
1.53063E+12,2,2,0.9999995
1.53063E+12,2,2,0.9999994
1.53063E+12,2,2,0.9999994
1.53063E+12,2,2,0.99999917
1.53063E+12,2,2,0.9999993
1.53063E+12,2,2,0.99999917
1.53063E+12,2,2,0.9999993
1.53063E+12,2,2,0.99999917
1.53063E+12,2,2,0.99999905
1.53063E+12,2,2,0.99999905
1.53063E+12,2,2,0.9999988
1.53063E+12,2,2,0.99999917
1.53063E+12,2,2,0.99999917
1.53063E+12,2,2,0.9999993
1.53063E+12,2,2,0.9999993
1.53063E+12,2,2,0.9999994
1.53063E+12,2,2,0.9999993
1.53063E+12,2,2,0.99999905
1.53063E+12,2,2,0.99999917
1.53063E+12,2,2,0.99999905
1.53063E+12,2,2,0.9999989
1.53063E+12,2,2,0.9999981
1.53063E+12,2,2,0.9999963
1.53063E+12,2,2,0.99999464
1.53063E+12,2,2,0.99999344
1.53063E+12,2,2,0.9999944
1.53063E+12,2,2,0.99999475
1.53063E+12,2,2,0.99999344
1.53063E+12,2,2,0.99999344
1.53063E+12,2,2,0.9999939
1.53063E+12,2,2,0.9999918
1.53063E+12,2,2,0.999982
1.53063E+12,2,2,0.9999666
1.53063E+12,2,2,0.99996245
1.53063E+12,2,2,0.99997044
1.53063E+12,2,2,0.9999747
1.53063E+12,2,2,0.99996746
1.53063E+12,2,2,0.9999589
1.53063E+12,2,2,0.99994946
1.53063E+12,2,2,0.9999616
1.53063E+12,2,2,0.9999529
1.53063E+12,2,2,0.99993706
1.53063E+12,2,2,0.9999083
1.53063E+12,2,2,0.9998901
1.53063E+12,2,2,0.9998487
1.53063E+12,2,2,0.99988985
1.53063E+12,2,2,0.9998628
1.53063E+12,2,2,0.99987173
1.53063E+12,2,2,0.999796
1.53063E+12,2,2,0.99980503
1.53063E+12,2,2,0.99979323
1.53063E+12,2,2,0.99978894
1.53063E+12,2,2,0.9997732
1.53063E+12,2,2,0.999728
1.53063E+12,2,2,0.9996313
1.53063E+12,2,2,0.99960893
1.53063E+12,2,2,0.99950993
1.53063E+12,2,2,0.99953425
1.53063E+12,2,2,0.9995377
1.53063E+12,2,2,0.9995173
1.53063E+12,2,2,0.99948186
1.53063E+12,2,2,0.99949443
1.53063E+12,2,2,0.9994874
1.53063E+12,2,2,0.9994962
1.53063E+12,2,2,0.99947923
1.53063E+12,2,2,0.9994759
1.53063E+12,2,2,0.99945825
1.53063E+12,2,2,0.99946266
1.53063E+12,2,2,0.9994849
1.53063E+12,2,2,0.9994855
1.53063E+12,2,2,0.99951863
1.53063E+12,2,2,0.9995382
1.53063E+12,2,2,0.9996057
1.53063E+12,2,2,0.99961495
1.53063E+12,2,2,0.99961627
1.53063E+12,2,2,0.9996151
1.53063E+12,2,2,0.9995989
1.53063E+12,2,2,0.9996137
1.53063E+12,2,2,0.9996306
1.53063E+12,2,2,0.9996549
1.53063E+12,2,2,0.99964356
1.53063E+12,2,2,0.9996736
1.53063E+12,2,2,0.9996606
1.53063E+12,2,2,0.9996908
1.53063E+12,2,2,0.9996947
1.53063E+12,2,2,0.99968684
1.53063E+12,2,2,0.9997172
1.53063E+12,2,2,0.9996878
1.53063E+12,2,2,0.99973387
1.53063E+12,2,2,0.99977523
1.53063E+12,2,2,0.99981743
1.53063E+12,2,2,0.9998274
1.53063E+12,2,2,0.9998072
1.53063E+12,2,2,0.9997832
1.53063E+12,2,2,0.9996506
1.53063E+12,2,2,0.99939346
1.53063E+12,2,2,0.9992162
1.53063E+12,2,2,0.9995431
1.53063E+12,2,2,0.99957496
1.53063E+12,2,2,0.99965155
1.53063E+12,2,2,0.9994549
1.53063E+12,2,2,0.9990376
1.53063E+12,2,2,0.99738365
1.53063E+12,2,2,0.9970835
1.53063E+12,2,2,0.99481577
1.53063E+12,2,2,0.9942431
1.53063E+12,2,2,0.9963296
1.53063E+12,2,2,0.9978478
1.53063E+12,2,2,0.99792707
1.53063E+12,2,2,0.9949951
1.53063E+12,2,2,0.9892286
1.53063E+12,2,2,0.9570157
1.53063E+12,2,2,0.8315766
1.53063E+12,2,2,0.90380913
1.53063E+12,2,2,0.86092067
1.53063E+12,2,2,0.8576305
1.53063E+12,2,2,0.83267015
1.53063E+12,2,2,0.7968491
1.53063E+12,2,2,0.8015915
1.53063E+12,2,3,0.65556514
1.53063E+12,2,2,0.550539
1.53063E+12,2,2,0.64191633
1.53063E+12,2,2,0.85758454
1.53063E+12,2,2,0.8840758
1.53063E+12,2,2,0.862748
1.53063E+12,2,2,0.6800478
1.53063E+12,2,3,0.5466501
1.53063E+12,2,3,0.7534631
1.53063E+12,2,3,0.795444
1.53063E+12,2,3,0.81078136
1.53063E+12,2,3,0.79632306
1.53063E+12,2,3,0.800705
1.53063E+12,2,3,0.78849
1.53063E+12,2,3,0.756193
1.53063E+12,2,3,0.6854115
1.53063E+12,2,3,0.62867224
1.53063E+12,2,3,0.5414903
1.53063E+12,2,3,0.5679156
1.53063E+12,2,3,0.6075986
1.53063E+12,2,3,0.6430447
1.53063E+12,2,3,0.61807024
1.53063E+12,2,3,0.7067359
1.53063E+12,2,3,0.70170367
1.53063E+12,2,3,0.68814844
1.53063E+12,2,3,0.63174754
1.53063E+12,2,3,0.62914264
1.53063E+12,2,3,0.6315037
1.53063E+12,2,3,0.615168
1.53063E+12,2,3,0.58203363
1.53063E+12,2,3,0.5800314
1.53063E+12,2,3,0.5044701
1.53063E+12,2,3,0.4974734
1.53063E+12,2,3,0.48936525
1.53063E+12,2,3,0.55436367
1.53063E+12,2,3,0.5839565
1.53063E+12,2,3,0.5751609
1.53063E+12,2,3,0.57405204
1.53063E+12,2,3,0.7388796
1.53063E+12,2,3,0.7403111
1.53063E+12,2,3,0.7589216
1.53063E+12,2,3,0.7543861
1.53063E+12,2,3,0.75417143
1.53063E+12,2,3,0.7702585
1.53063E+12,2,3,0.7928415
1.53063E+12,2,3,0.8248364
1.53063E+12,2,3,0.8564783
1.53063E+12,2,3,0.86459386
1.53063E+12,2,3,0.88596267
1.53063E+12,2,3,0.8697434
1.53063E+12,2,3,0.8606758
1.53063E+12,2,3,0.8603546
1.53063E+12,2,3,0.8634595
1.53063E+12,2,3,0.86883104
1.53063E+12,2,3,0.90041614
1.53063E+12,2,3,0.901773
1.53063E+12,2,3,0.9164271
1.53063E+12,2,3,0.9174667
1.53063E+12,2,3,0.9061994
1.53063E+12,2,3,0.9018714
1.53063E+12,2,3,0.90113276
1.53063E+12,2,3,0.88752633
1.53063E+12,2,3,0.9086002
1.53063E+12,2,3,0.8935265
1.53063E+12,2,3,0.9028041
1.53063E+12,2,3,0.8862689
1.53063E+12,2,3,0.88215
1.53063E+12,2,3,0.88378817
1.53063E+12,2,3,0.88866353
1.53063E+12,2,3,0.88141453
1.53063E+12,1,3,0.8953639
1.53063E+12,1,3,0.90396726
1.53063E+12,1,3,0.91019523
1.53063E+12,1,3,0.92472893
1.53063E+12,1,3,0.9235083
1.53063E+12,1,3,0.92614836
1.53063E+12,1,3,0.9289503
1.53063E+12,1,3,0.93821377
1.53063E+12,1,3,0.9425376
1.53063E+12,1,3,0.9463701
1.53063E+12,1,3,0.93867
1.53063E+12,1,3,0.94845086
1.53063E+12,1,3,0.94483286
1.53063E+12,1,3,0.944662
1.53063E+12,1,3,0.9277532
1.53063E+12,1,3,0.9291494
1.53063E+12,1,3,0.9381418
1.53063E+12,1,3,0.95393354
1.53063E+12,1,3,0.94930404
1.53063E+12,1,3,0.96330076
1.53063E+12,1,3,0.96188116
1.53063E+12,1,3,0.9699024
1.53063E+12,1,3,0.97089165
1.53063E+12,1,3,0.9687242
1.53063E+12,1,3,0.97631603
1.53063E+12,1,3,0.9754185
1.53063E+12,1,3,0.97587436
1.53063E+12,1,3,0.9785567
1.53063E+12,1,3,0.98090404
1.53063E+12,1,3,0.9822955
1.53063E+12,1,3,0.98622173
1.53063E+12,1,3,0.9842052
1.53063E+12,1,3,0.978116
1.53063E+12,1,3,0.9874917
1.53063E+12,1,3,0.98030955
1.53063E+12,1,3,0.99399537
1.53063E+12,1,3,0.99609274
1.53063E+12,1,3,0.9963863
1.53063E+12,1,3,0.99652797
1.53063E+12,1,3,0.9967805
1.53063E+12,1,3,0.9974375
1.53063E+12,1,3,0.9978992
1.53063E+12,1,3,0.99880123
1.53063E+12,1,3,0.99882096
1.53063E+12,1,3,0.99817264
1.53063E+12,1,3,0.9986815
1.53063E+12,1,3,0.99820554
1.53063E+12,1,3,0.9986253
1.53063E+12,1,3,0.9982097
1.53063E+12,1,3,0.99880433
1.53063E+12,1,3,0.9977258
1.53063E+12,1,3,0.9981438
1.53063E+12,1,3,0.99766064
1.53063E+12,1,3,0.99795425
1.53063E+12,1,3,0.9983595
1.53063E+12,1,3,0.9989398
1.53063E+12,1,3,0.99841475
1.53063E+12,1,3,0.99796534
1.53063E+12,1,3,0.9973531
1.53063E+12,1,3,0.99700207
1.53063E+12,1,3,0.9981844
1.53063E+12,1,3,0.99767286
1.53063E+12,1,3,0.99810493
1.53063E+12,1,3,0.99784076
1.53063E+12,3,3,0.99761873
1.53063E+12,3,3,0.995943
1.53063E+12,3,3,0.9957703
1.53063E+12,3,3,0.99632394
1.53063E+12,3,3,0.99781704
1.53063E+12,3,3,0.99489427
1.53063E+12,3,3,0.99529994
1.53063E+12,3,3,0.99483156
1.53063E+12,3,3,0.9919349
1.53063E+12,3,3,0.99233866
1.53063E+12,3,3,0.98472
1.53063E+12,3,3,0.97683513
1.53063E+12,3,3,0.9702345
1.53063E+12,3,3,0.9692424
1.53063E+12,3,3,0.9750173
1.53063E+12,3,3,0.97595596
1.53063E+12,3,3,0.97744125
1.53063E+12,3,3,0.97920895
1.53063E+12,3,3,0.98217195
1.53063E+12,3,3,0.98409617
1.53063E+12,3,3,0.9858845
1.53063E+12,3,3,0.9866377
1.53063E+12,3,3,0.9859702
1.53063E+12,3,3,0.9817391
1.53063E+12,3,3,0.9771006
1.53063E+12,3,3,0.97056836
1.53063E+12,3,3,0.97570205
1.53063E+12,3,3,0.97132576
1.53063E+12,3,3,0.9686313
1.53063E+12,3,3,0.9769405
1.53063E+12,3,3,0.9900928
1.53063E+12,3,3,0.98602086
1.53063E+12,3,3,0.97736186
1.53063E+12,3,3,0.96490896
1.53063E+12,3,3,0.9674287
1.53063E+12,3,3,0.94988585
1.53063E+12,3,3,0.923867
1.53063E+12,3,3,0.86974114
1.53063E+12,3,3,0.8844201
1.53063E+12,3,3,0.9035293
1.53063E+12,3,3,0.8901657
1.53063E+12,3,3,0.90618646
1.53063E+12,3,3,0.93172365
1.53063E+12,3,3,0.8964812
1.53063E+12,3,3,0.90998197
1.53063E+12,3,3,0.93006855
1.53063E+12,3,3,0.926346
1.53063E+12,3,3,0.8661931
1.53063E+12,3,3,0.7815725
1.53063E+12,3,3,0.7489761
1.53063E+12,3,3,0.74853903
1.53063E+12,3,3,0.65249234
1.53063E+12,3,3,0.5639288
1.53063E+12,3,3,0.60476494
1.53063E+12,3,3,0.60484856
1.53063E+12,3,3,0.5497637
1.53063E+12,3,3,0.4903366
1.53063E+12,3,3,0.5604742
1.53063E+12,3,3,0.5024006
1.53063E+12,3,4,0.5487919
1.53063E+12,3,4,0.61223835
1.53063E+12,3,4,0.5766801
1.53063E+12,3,4,0.5511382
1.53063E+12,3,4,0.61640066
1.53063E+12,3,4,0.61797327
1.53063E+12,3,4,0.6047504
1.53063E+12,3,3,0.49360973
1.53063E+12,3,3,0.54603076
1.53063E+12,3,3,0.49163824
1.53063E+12,3,3,0.42781362
1.53063E+12,3,4,0.46459132
1.53063E+12,3,3,0.43441084
1.53063E+12,3,3,0.52792084
1.53063E+12,3,3,0.75469613
1.53063E+12,3,3,0.67026913
1.53063E+12,3,3,0.68786156
1.53063E+12,3,3,0.66215515
1.53063E+12,3,3,0.6694537
1.53063E+12,3,3,0.71487325
1.53063E+12,3,3,0.7254289
1.53063E+12,3,3,0.72068477
1.53063E+12,3,3,0.66901106
1.53063E+12,3,3,0.5996356
1.53063E+12,3,3,0.6133566
1.53063E+12,3,3,0.6128241
1.53063E+12,3,3,0.5736232
1.53063E+12,3,3,0.50802153
1.53063E+12,3,3,0.5773573
1.53063E+12,3,3,0.6051813
1.53063E+12,3,3,0.6233523
1.53063E+12,3,3,0.6031981
1.53063E+12,3,3,0.6766263
1.53063E+12,3,3,0.6766246
1.53063E+12,3,3,0.6631534
1.53063E+12,3,3,0.68454474
1.53063E+12,3,3,0.6455168
1.53063E+12,3,3,0.6154269
1.53063E+12,3,3,0.61499304
1.53063E+12,3,3,0.69129944
1.53063E+12,3,3,0.589346
1.53063E+12,3,3,0.60280293
1.53063E+12,3,3,0.62131566
1.53063E+12,3,3,0.6405054
1.53063E+12,3,3,0.62333775
1.53063E+12,3,3,0.68440604
1.53063E+12,3,3,0.6371018
1.53063E+12,3,3,0.63408375
1.53063E+12,3,3,0.5653292
1.53063E+12,3,3,0.66606414
1.53063E+12,3,3,0.6421276
1.53063E+12,3,3,0.58685064
1.53063E+12,3,3,0.49689186
1.53063E+12,3,2,0.5445985
1.53063E+12,3,2,0.6990016
1.53063E+12,3,2,0.80604756
1.53063E+12,3,2,0.8200803
1.53063E+12,3,2,0.7740567
1.53063E+12,3,2,0.7343487
1.53063E+12,3,2,0.6921087
1.53063E+12,3,2,0.6477185
1.53063E+12,3,2,0.6150159
1.53063E+12,3,2,0.63570714
1.53063E+12,3,2,0.70613027
1.53063E+12,3,2,0.7836802
1.53063E+12,3,2,0.835972
1.53063E+12,3,2,0.8623465
1.53063E+12,3,2,0.8540899
1.53063E+12,3,2,0.81305766
1.53063E+12,3,2,0.741191
1.53063E+12,3,2,0.7022562
1.53063E+12,3,2,0.7005759
1.53063E+12,3,2,0.7456503
1.53063E+12,3,2,0.74196327
1.53063E+12,3,2,0.7386887
1.53063E+12,3,2,0.7435579
1.53063E+12,3,2,0.76605624
1.53063E+12,3,2,0.7785538
1.53063E+12,3,2,0.7480145
1.53063E+12,3,2,0.710215
1.53063E+12,3,2,0.71991396
1.53063E+12,3,2,0.7370647
1.53063E+12,3,2,0.7477623
1.53063E+12,3,2,0.7510927
1.53063E+12,3,2,0.7194524
1.53063E+12,1,2,0.6105651
1.53063E+12,1,3,0.541693
1.53063E+12,1,3,0.69246817
1.53063E+12,1,3,0.82112354
1.53063E+12,1,3,0.8180182
1.53063E+12,1,3,0.82732123
1.53063E+12,1,3,0.8205228
1.53063E+12,1,3,0.7764368
1.53063E+12,1,3,0.69520026
1.53063E+12,1,3,0.6117273
1.53063E+12,1,3,0.55840766
1.53063E+12,1,3,0.58540595
1.53063E+12,1,3,0.59838593
1.53063E+12,1,3,0.6141037
1.53063E+12,1,3,0.65723
1.53063E+12,1,3,0.69278777
1.53063E+12,1,3,0.72350585
1.53063E+12,1,3,0.77148175
1.53063E+12,1,3,0.7460023
1.53063E+12,1,3,0.83742994
1.53063E+12,1,3,0.85599554
1.53063E+12,1,3,0.858139
1.53063E+12,1,3,0.8806556
1.53063E+12,1,3,0.8469848
1.53063E+12,1,3,0.69553524
1.53063E+12,1,3,0.5029438
1.53063E+12,1,2,0.56928825
1.53063E+12,1,2,0.75097644
1.53063E+12,1,2,0.67831355
1.53063E+12,1,2,0.7519182
1.53063E+12,1,3,0.8156738
1.53063E+12,1,2,0.5728079
1.53063E+12,1,3,0.593945
1.53063E+12,1,3,0.7697781
1.53063E+12,1,3,0.85171723
1.53063E+12,1,3,0.84969527
1.53063E+12,1,3,0.8585563
1.53063E+12,1,3,0.86422145
1.53063E+12,1,3,0.8836785
1.53063E+12,1,3,0.87542254
1.53063E+12,1,3,0.76986855
1.53063E+12,1,3,0.57396144
1.53063E+12,1,2,0.53696156
1.53063E+12,1,2,0.71463513
1.53063E+12,1,2,0.7327963
1.53063E+12,1,2,0.7643082
1.53063E+12,1,2,0.78220344
1.53063E+12,1,2,0.7921662
1.53063E+12,1,2,0.7796109
1.53063E+12,1,2,0.74911165
1.53063E+12,1,2,0.7676687
1.53063E+12,1,2,0.71324694
1.53063E+12,1,2,0.67735106
1.53063E+12,1,2,0.6564906
1.53063E+12,1,2,0.66903406
1.53063E+12,1,2,0.65717196
1.53063E+12,1,2,0.66196764
1.53063E+12,1,2,0.6527512
1.53063E+12,1,2,0.6620368
1.53063E+12,1,2,0.66133887
1.53063E+12,1,2,0.65749264
1.53063E+12,1,2,0.64082116
1.53063E+12,1,2,0.62337863
1.53063E+12,1,2,0.526862
1.53063E+12,1,1,0.46335286
1.53063E+12,1,1,0.69330305
1.53063E+12,1,1,0.7697829
1.53063E+12,1,1,0.81321806
1.53063E+12,1,1,0.83142865
1.53063E+12,1,1,0.83363533
1.53063E+12,1,1,0.8380706
1.53063E+12,1,1,0.8304374
1.53063E+12,1,1,0.8270345
1.53063E+12,1,1,0.8211403
1.53063E+12,1,1,0.81363595
1.53063E+12,1,1,0.8110694
1.53063E+12,1,1,0.80098504
1.53063E+12,1,1,0.8314461
1.53063E+12,1,1,0.82705516
1.53063E+12,1,1,0.8448117
1.53063E+12,1,1,0.86403304
1.53063E+12,1,1,0.8572406
1.53063E+12,1,1,0.870363
1.53063E+12,1,1,0.851617
1.53063E+12,1,1,0.8364404
1.53063E+12,1,1,0.8453427
1.53063E+12,1,1,0.85246176
1.53063E+12,1,1,0.8309657
1.53063E+12,1,1,0.81834096
1.53063E+12,1,1,0.7972153
1.53063E+12,1,1,0.81861156
1.53063E+12,1,1,0.8633896
1.53063E+12,1,1,0.8587578
1.53063E+12,1,1,0.882624
1.53063E+12,1,1,0.8659818
1.53063E+12,1,1,0.79663926
1.53063E+12,1,1,0.7371523
1.53063E+12,1,1,0.6441485
1.53063E+12,1,1,0.6157268
1.53063E+12,1,1,0.5912184
1.53063E+12,1,1,0.5758853
1.53063E+12,1,1,0.5625951
1.53063E+12,1,1,0.58938336
1.53063E+12,1,1,0.57495886
1.53063E+12,1,1,0.611771
1.53063E+12,1,1,0.5587721
1.53063E+12,1,1,0.5111266
1.53063E+12,1,1,0.49015352
1.53063E+12,1,3,0.4878676
1.53063E+12,1,1,0.49199215
1.53063E+12,3,3,0.49235958
1.53063E+12,3,3,0.49796554
1.53063E+12,3,3,0.48162046
1.53063E+12,3,3,0.5562586
1.53063E+12,3,3,0.5044669
1.53063E+12,3,3,0.59083337
1.53063E+12,3,3,0.5676249
1.53063E+12,3,3,0.5726478
1.53063E+12,3,3,0.5730685
1.53063E+12,3,3,0.6096195
1.53063E+12,3,3,0.5750496
1.53063E+12,3,3,0.6445452
1.53063E+12,3,3,0.68549216
1.53063E+12,3,3,0.73941183
1.53063E+12,3,3,0.73206836
1.53063E+12,3,3,0.72278965
1.53063E+12,3,3,0.7171817
1.53063E+12,3,3,0.7396071
1.53063E+12,3,3,0.80165803
1.53063E+12,3,3,0.82608026
1.53063E+12,3,3,0.81781214
1.53063E+12,3,3,0.84009886
1.53063E+12,3,3,0.85724974
1.53063E+12,3,3,0.8492768
1.53063E+12,3,3,0.8415299
1.53063E+12,3,3,0.86240864
1.53063E+12,3,3,0.8799956
1.53063E+12,3,3,0.8994204
1.53063E+12,3,3,0.90412
1.53063E+12,3,3,0.9159781
1.53063E+12,3,3,0.90971446
1.53063E+12,3,3,0.9098039
1.53063E+12,3,3,0.90133864
1.53063E+12,3,3,0.8983812
1.53063E+12,3,3,0.9199247
1.53063E+12,3,3,0.8956005
1.53063E+12,3,3,0.88822186
1.53063E+12,3,3,0.8643472
1.53063E+12,3,3,0.8717732
1.53063E+12,3,3,0.82908106
1.53063E+12,3,3,0.8476756
1.53063E+12,3,3,0.8083803
1.53063E+12,3,3,0.839841
1.53063E+12,3,3,0.7828567
1.53063E+12,3,3,0.8031393
1.53063E+12,3,3,0.7562447
1.53063E+12,3,3,0.75989604
1.53063E+12,3,3,0.7445925
1.53063E+12,3,3,0.7411571
1.53063E+12,3,3,0.75304013
1.53063E+12,3,3,0.79607826
1.53063E+12,3,3,0.74380237
1.53063E+12,3,3,0.7845387
1.53063E+12,3,3,0.7399296
1.53063E+12,3,3,0.693712
1.53063E+12,3,3,0.6584882
1.53063E+12,3,3,0.58618563
1.53063E+12,3,3,0.7588382
1.53063E+12,3,3,0.82988876
1.53063E+12,3,3,0.8643381
1.53063E+12,3,3,0.82229036
1.53063E+12,3,3,0.82656944
1.53063E+12,3,3,0.7765786
1.53063E+12,3,3,0.7564811
1.53063E+12,3,3,0.7750225
1.53063E+12,3,3,0.83954966
1.53063E+12,3,3,0.8641305
1.53063E+12,3,3,0.9155129
1.53063E+12,3,3,0.90466976
1.53063E+12,3,3,0.95670635
1.53063E+12,3,3,0.9541082
1.53063E+12,3,3,0.9563428
1.53063E+12,3,3,0.9565063
1.53063E+12,3,3,0.96016455
1.53063E+12,3,3,0.9423524
1.53063E+12,3,3,0.94206303
1.53063E+12,3,3,0.9457542
1.53063E+12,3,3,0.9112761
1.53063E+12,3,3,0.9205259
1.53063E+12,3,3,0.91740686
1.53063E+12,3,3,0.9164428
1.53063E+12,3,3,0.90944344
1.53063E+12,3,3,0.8996099
1.53063E+12,3,3,0.8748878
1.53063E+12,3,3,0.8685984
1.53063E+12,3,3,0.8224125
1.53063E+12,3,3,0.8219869
1.53063E+12,3,3,0.8085241
1.53063E+12,3,3,0.8216731
1.53063E+12,3,3,0.8111893
1.53063E+12,3,3,0.7982092
1.53063E+12,3,3,0.7456351
1.53063E+12,3,3,0.7460182
1.53063E+12,3,3,0.7188542
1.53063E+12,3,3,0.67232174
1.53063E+12,3,3,0.61817443
1.53063E+12,3,3,0.6567492
1.53063E+12,3,3,0.7338082
1.53063E+12,3,3,0.7767281
1.53063E+12,3,3,0.8156237
1.53063E+12,3,3,0.8109799
1.53063E+12,3,3,0.8405466
1.53063E+12,3,3,0.83676004
1.53063E+12,3,3,0.8214941
1.53063E+12,3,3,0.83821875
1.53063E+12,3,3,0.8383527
1.53063E+12,3,3,0.8618215
1.53063E+12,3,3,0.8966127
1.53063E+12,3,3,0.90880674
1.53063E+12,3,3,0.92454517
1.53063E+12,3,3,0.91258043
1.53063E+12,3,3,0.66523176
1.53063E+12,3,3,0.8538578
1.53063E+12,3,3,0.9730172
1.53063E+12,3,3,0.95376647
1.53063E+12,3,3,0.98428404
1.53063E+12,3,3,0.98606074
1.53063E+12,3,3,0.9927838
1.53063E+12,3,3,0.9915467
1.53063E+12,3,3,0.9892491
1.53063E+12,3,3,0.9833888
1.53063E+12,3,3,0.961828
1.53063E+12,3,3,0.9822482
1.53063E+12,3,3,0.99111193
1.53063E+12,3,3,0.99776363
1.53063E+12,3,3,0.9981061
1.53063E+12,3,3,0.99847835
1.53063E+12,3,3,0.9969202
1.53063E+12,3,3,0.9936765
1.53063E+12,3,3,0.9941292
1.53063E+12,3,3,0.9943329
1.53063E+12,3,3,0.9980743
1.53063E+12,3,3,0.9942887
1.53063E+12,3,3,0.9962297
1.53063E+12,3,3,0.99884146
1.53063E+12,3,3,0.9977629
1.53063E+12,3,3,0.9988533
1.53063E+12,3,3,0.9976699
1.53063E+12,3,3,0.9982175
1.53063E+12,3,3,0.9974395
1.53063E+12,3,3,0.9985185
1.53063E+12,3,3,0.9987558
1.53063E+12,3,3,0.997866
1.53063E+12,3,3,0.9980732
1.53063E+12,3,3,0.99752635
1.53063E+12,3,3,0.9980579
1.53063E+12,3,3,0.99784243
1.53063E+12,3,3,0.9904558
1.53063E+12,3,3,0.99567324
1.53063E+12,3,3,0.98184067
1.53063E+12,3,3,0.9834684
1.53063E+12,3,3,0.98451066
1.53063E+12,3,3,0.98767227
1.53063E+12,3,3,0.9862596
1.53063E+12,3,3,0.9836376
1.53063E+12,3,3,0.9661285
1.53063E+12,3,3,0.95965606
1.53063E+12,3,3,0.96114177
1.53063E+12,3,3,0.97006345
1.53063E+12,3,3,0.98268825
1.53063E+12,3,3,0.98133665
1.53063E+12,3,3,0.9843136
1.53063E+12,3,3,0.9771238
1.53063E+12,3,3,0.9742528
1.53063E+12,3,3,0.9855127
1.53063E+12,3,3,0.97538185
1.53063E+12,3,3,0.97433996
1.53063E+12,3,3,0.9757882
1.53063E+12,3,3,0.98960155
1.53063E+12,3,3,0.9829032
1.53063E+12,3,3,0.9893873
1.53063E+12,3,3,0.9830723
1.53063E+12,3,3,0.9816673
1.53063E+12,3,3,0.9695682
1.53063E+12,3,3,0.9583915
1.53063E+12,3,3,0.9532336
1.53063E+12,3,3,0.9457102
1.53063E+12,3,3,0.96320266
1.53063E+12,3,3,0.96300906
1.53063E+12,3,3,0.9874523
1.53063E+12,3,3,0.98692304
1.53063E+12,3,3,0.99370754
1.53063E+12,3,3,0.9934864
1.53063E+12,3,3,0.9935905
1.53063E+12,3,3,0.9928422
1.53063E+12,3,3,0.9949275
1.53063E+12,3,3,0.99473023
1.53063E+12,3,3,0.9981875
1.53063E+12,3,3,0.997813
1.53063E+12,3,3,0.9984699
1.53063E+12,3,3,0.9983929
1.53063E+12,3,3,0.9983418
1.53063E+12,3,3,0.99782383
1.53063E+12,3,3,0.9970022
1.53063E+12,3,3,0.9965752
1.53063E+12,3,3,0.99694926
1.53063E+12,3,3,0.9973955
1.53063E+12,3,3,0.9991835
1.53063E+12,3,3,0.9987521
1.53063E+12,3,3,0.9986487
1.53063E+12,3,3,0.9978083
1.53063E+12,3,3,0.99725515
1.53063E+12,3,3,0.9982134
1.53063E+12,3,3,0.99857223
1.53063E+12,3,3,0.99807835
1.53063E+12,3,3,0.99822
1.53063E+12,3,3,0.9987606
1.53063E+12,3,3,0.9975677
1.53063E+12,3,3,0.99824
1.53063E+12,3,3,0.99854845
1.53063E+12,3,3,0.9990589
1.53063E+12,3,3,0.9994221
1.53063E+12,3,3,0.9992387
1.53063E+12,3,3,0.99969923
1.53063E+12,3,3,0.9995098
1.53063E+12,3,3,0.99955565
1.53063E+12,3,3,0.99947196
1.53063E+12,3,3,0.9992719
1.53063E+12,3,3,0.9993486
1.53063E+12,3,3,0.99955887
1.53063E+12,3,3,0.99957436
1.53063E+12,3,3,0.99977165
1.53063E+12,3,3,0.99982244
1.53063E+12,3,3,0.9998379
1.53063E+12,3,3,0.99984646
1.53063E+12,3,3,0.999853
1.53063E+12,3,3,0.999729
1.53063E+12,3,3,0.9997559
1.53063E+12,3,3,0.9998498
1.53063E+12,3,3,0.9997899
1.53063E+12,3,3,0.99974483
1.53063E+12,3,3,0.99976724
1.53063E+12,3,3,0.9995778
1.53063E+12,3,3,0.9992506
1.53063E+12,3,3,0.99981195
1.53063E+12,3,3,0.99849975
1.53063E+12,3,3,0.9994357
1.53063E+12,3,3,0.99951935
1.53063E+12,3,3,0.999368
1.53063E+12,3,3,0.9992531
1.53063E+12,3,3,0.99936503
1.53063E+12,3,3,0.9994679
1.53063E+12,3,3,0.99954176
1.53063E+12,3,3,0.99911755
1.53063E+12,3,3,0.99870324
1.53063E+12,3,3,0.9983804
1.53063E+12,3,3,0.99856526
1.53063E+12,3,3,0.9991652
1.53063E+12,3,3,0.9994091
1.53063E+12,3,3,0.99966204
1.53063E+12,3,3,0.9996604
1.53063E+12,3,3,0.9998449
1.53063E+12,3,3,0.9994861
1.53063E+12,3,3,0.9995968
1.53063E+12,3,3,0.99937576
1.53063E+12,3,3,0.9995684
1.53063E+12,3,3,0.9983614
1.53063E+12,3,3,0.99849796
1.53063E+12,3,3,0.99872214
1.53063E+12,3,3,0.9990483
1.53063E+12,3,3,0.9989692
1.53063E+12,3,3,0.99879766
1.53063E+12,3,3,0.9985752
1.53063E+12,3,3,0.99856806
1.53063E+12,3,3,0.9985826
1.53063E+12,3,3,0.9986162
1.53063E+12,3,3,0.9985057
1.53063E+12,3,3,0.9985024
1.53063E+12,3,3,0.9986791
1.53063E+12,3,3,0.99870086
1.53063E+12,3,3,0.99893826
1.53063E+12,3,3,0.9990821
1.53063E+12,3,3,0.9990582
1.53063E+12,3,3,0.9991825
1.53063E+12,3,3,0.9990125
1.53063E+12,3,3,0.9990415
1.53063E+12,3,3,0.99874663
1.53063E+12,3,3,0.9991027
1.53063E+12,3,3,0.99867886
1.53063E+12,3,3,0.99905246
1.53063E+12,3,3,0.9993279
1.53063E+12,3,3,0.9993297
1.53063E+12,3,3,0.9990264
1.53063E+12,3,3,0.999503
1.53063E+12,3,3,0.99942195
1.53063E+12,3,3,0.9995974
1.53063E+12,3,3,0.9995701
1.53063E+12,3,3,0.9995098
1.53063E+12,3,3,0.9994967
1.53063E+12,3,3,0.9996008
1.53063E+12,3,3,0.99970454
1.53063E+12,3,3,0.9997992
1.53063E+12,3,3,0.99981123
1.53063E+12,3,3,0.9998078
1.53063E+12,3,3,0.9998368
1.53063E+12,3,3,0.99978536
1.53063E+12,3,3,0.99963117
1.53063E+12,3,3,0.9995993
1.53063E+12,3,3,0.9997044
1.53063E+12,3,3,0.9997054
1.53063E+12,3,3,0.99981743
1.53063E+12,3,3,0.9998528
1.53063E+12,3,3,0.999887
1.53063E+12,3,3,0.9998852
1.53063E+12,3,3,0.99988997
1.53063E+12,3,3,0.99988234
1.53063E+12,3,3,0.9999094
1.53063E+12,3,3,0.9998617
1.53063E+12,3,3,0.99987686
1.53063E+12,3,3,0.99963915
1.53063E+12,3,3,0.9999747
1.53063E+12,3,3,0.99994683
1.53063E+12,3,3,0.999946
1.53063E+12,3,3,0.999808
1.53063E+12,3,3,0.99963224
1.53063E+12,3,3,0.9998247
1.53063E+12,3,3,0.9998196
1.53063E+12,3,3,0.9999089
1.53063E+12,3,3,0.9999213
1.53063E+12,3,3,0.9999441
1.53063E+12,3,3,0.9999572
1.53063E+12,3,3,0.9999685
1.53063E+12,3,3,0.99997854
1.53063E+12,3,3,0.9999846
1.53063E+12,3,3,0.99998033
1.53063E+12,3,3,0.999744
1.53063E+12,3,3,0.99996245
1.53063E+12,3,3,0.9999218
1.53063E+12,3,3,0.99979895
1.53063E+12,3,3,0.9998104
1.53063E+12,3,3,0.99987376
1.53063E+12,3,3,0.9998423
1.53063E+12,3,3,0.99982625
1.53063E+12,3,3,0.999864
1.53063E+12,3,3,0.9998896
1.53063E+12,3,3,0.9998888
1.53063E+12,3,3,0.9998869
1.53063E+12,3,3,0.9998832
1.53063E+12,3,3,0.9998363
1.53063E+12,3,3,0.9997631
1.53063E+12,3,3,0.9998017
1.53063E+12,3,3,0.99965775
1.53063E+12,3,3,0.9997447
1.53063E+12,3,3,0.99968576
1.53063E+12,3,3,0.99959046
1.53063E+12,3,3,0.9996239
1.53063E+12,3,3,0.9997292
1.53063E+12,3,3,0.999385
1.53063E+12,3,3,0.999928
1.53063E+12,3,3,0.99940324
1.53063E+12,3,3,0.9989851
1.53063E+12,3,3,0.99884975
1.53063E+12,3,3,0.99897516
1.53063E+12,3,3,0.99872416
1.53063E+12,3,3,0.9989209
1.53063E+12,3,3,0.99838495
1.53063E+12,3,3,0.9987362
1.53063E+12,3,3,0.99855477
1.53063E+12,3,3,0.99799865
1.53063E+12,3,3,0.99838877
1.53063E+12,3,3,0.9979538
1.53063E+12,3,3,0.99695456
1.53063E+12,3,3,0.9968817
1.53063E+12,3,3,0.9974335
1.53063E+12,3,3,0.9973617
1.53063E+12,3,3,0.9976477
1.53063E+12,3,3,0.99783725
1.53063E+12,3,3,0.997895
1.53063E+12,3,3,0.99808156
1.53063E+12,3,3,0.9983392
1.53063E+12,3,3,0.99842864
1.53063E+12,3,3,0.99905854
1.53063E+12,3,3,0.9990953
1.53063E+12,3,3,0.9994898
1.53063E+12,3,3,0.9994648
1.53063E+12,3,3,0.99957925
1.53063E+12,3,3,0.99924797
1.53063E+12,3,3,0.999252
1.53063E+12,3,3,0.99899536
1.53063E+12,3,3,0.9992986
1.53063E+12,3,3,0.99951756
1.53063E+12,3,3,0.999736
1.53063E+12,3,3,0.9998647
1.53063E+12,3,3,0.99992347
1.53063E+12,3,3,0.9999274
1.53063E+12,3,3,0.9998838
1.53063E+12,3,3,0.9998915
1.53063E+12,3,3,0.99989533
1.53063E+12,3,3,0.9998903
1.53063E+12,3,3,0.9999269
1.53063E+12,3,3,0.9998945
1.53063E+12,3,3,0.99988246
1.53063E+12,3,3,0.9998456
1.53063E+12,3,3,0.999864
1.53063E+12,3,3,0.99987435
1.53063E+12,3,3,0.9998964
1.53063E+12,3,3,0.9998951
1.53063E+12,3,3,0.9999106
1.53063E+12,3,3,0.9999044
1.53063E+12,3,3,0.9999163
1.53063E+12,3,3,0.9999187
1.53063E+12,3,3,0.99992716
1.53063E+12,3,3,0.99993765
1.53063E+12,3,3,0.99995124
1.53063E+12,3,3,0.99995434
1.53063E+12,3,3,0.9999763
1.53063E+12,3,3,0.9999685
1.53063E+12,3,3,0.9999553
1.53063E+12,3,3,0.9999722
1.53063E+12,3,3,0.9999621
1.53063E+12,3,3,0.9999777
1.53063E+12,3,3,0.9999839
1.53063E+12,3,3,0.99997485
1.53063E+12,3,3,0.99999094
1.53063E+12,3,3,0.9999863
1.53063E+12,3,3,0.9999696
1.53063E+12,3,3,0.9999604
1.53063E+12,3,3,0.99998486
1.53063E+12,3,3,0.9999919
1.53063E+12,3,3,0.99999726
1.53063E+12,3,3,0.9999969
1.53063E+12,3,3,0.9999987
1.53063E+12,3,3,0.99999833
1.53063E+12,3,3,0.99999845
1.53063E+12,3,3,0.9999988
1.53063E+12,3,3,0.9999981
1.53063E+12,3,3,0.9999995
1.53063E+12,3,3,0.9999988
1.53063E+12,3,3,0.99999857
1.53063E+12,3,3,0.9999974
1.53063E+12,3,3,0.9999919
1.53063E+12,3,3,0.9999975
1.53063E+12,3,3,0.9999968
1.53063E+12,3,3,0.99999404
1.53063E+12,3,3,0.99997413
1.53063E+12,3,3,0.99993205
1.53063E+12,3,3,0.9998902
1.53063E+12,3,3,0.9999032
1.53063E+12,3,3,0.9998857
1.53063E+12,3,3,0.9998895
1.53063E+12,3,3,0.9999019
1.53063E+12,3,3,0.99988425
1.53063E+12,3,3,0.9998908
1.53063E+12,3,3,0.9998994
1.53063E+12,3,3,0.99993813
1.53063E+12,3,3,0.99991786
1.53063E+12,3,3,0.9999187
1.53063E+12,3,3,0.999835
1.53063E+12,3,3,0.99978656
1.53063E+12,3,3,0.9995925
1.53063E+12,3,3,0.99941266
1.53063E+12,3,3,0.99875414
1.53063E+12,3,3,0.9988533
1.53063E+12,3,3,0.9971827
1.53063E+12,3,3,0.99800307
1.53063E+12,3,3,0.9982445
1.53063E+12,3,3,0.99834514
1.53063E+12,3,3,0.9984237
1.53063E+12,3,3,0.998247
1.53063E+12,3,3,0.9982327
1.53063E+12,3,3,0.99849784
1.53063E+12,3,3,0.99810386
1.53063E+12,3,3,0.9978635
1.53063E+12,3,3,0.9980052
1.53063E+12,3,3,0.9977665
1.53063E+12,3,3,0.9978961
1.53063E+12,3,3,0.99807775
1.53063E+12,3,3,0.9985821
1.53063E+12,3,3,0.99906427
1.53063E+12,3,3,0.99896574
1.53063E+12,3,3,0.9988776
1.53063E+12,3,3,0.9992003
1.53063E+12,3,3,0.99893993
1.53063E+12,3,3,0.999027
1.53063E+12,3,3,0.99899715
1.53063E+12,3,3,0.998533
1.53063E+12,3,3,0.9976173
1.53063E+12,3,3,0.9973513
1.53063E+12,3,3,0.997673
1.53063E+12,3,3,0.9979918
1.53063E+12,3,3,0.99810743
1.53063E+12,3,3,0.99791235
1.53063E+12,3,3,0.99827564
1.53063E+12,3,3,0.99844885
1.53063E+12,3,3,0.99823713
1.53063E+12,3,3,0.9981446
1.53063E+12,3,3,0.99823475
1.53063E+12,3,3,0.998345
1.53063E+12,3,3,0.9983693
1.53063E+12,3,3,0.9984218
1.53063E+12,3,3,0.99829835
1.53063E+12,3,3,0.99851984
1.53063E+12,3,3,0.99835336
1.53063E+12,3,3,0.99850804
1.53063E+12,3,3,0.9983929
1.53063E+12,3,3,0.99848986
1.53063E+12,3,3,0.9985586
1.53063E+12,3,3,0.9987863
1.53063E+12,3,3,0.99866426
1.53063E+12,3,3,0.9989513
1.53063E+12,3,3,0.9988036
1.53063E+12,3,3,0.9989203
1.53063E+12,3,3,0.9989598
1.53063E+12,3,3,0.9989436
1.53063E+12,3,3,0.99899274
1.53063E+12,3,3,0.9993704
1.53063E+12,3,3,0.99938786
1.53063E+12,3,3,0.99969435
1.53063E+12,3,3,0.99958843
1.53063E+12,3,3,0.99977714
1.53063E+12,3,3,0.9997813
1.53063E+12,3,3,0.9997769
1.53063E+12,3,3,0.99973446
1.53063E+12,3,3,0.99980897
1.53063E+12,3,3,0.99981946
1.53063E+12,3,3,0.99988866
1.53063E+12,3,3,0.9999279
1.53063E+12,3,3,0.9999832
1.53063E+12,3,3,0.9999844
1.53063E+12,3,3,0.99998105
1.53063E+12,3,3,0.99996734
1.53063E+12,3,3,0.9999342
1.53063E+12,3,3,0.9998864
1.53063E+12,3,3,0.99976724
1.53063E+12,3,3,0.9996872
1.53063E+12,3,3,0.9996698
1.53063E+12,3,3,0.9995919
1.53063E+12,3,3,0.99951017
1.53063E+12,3,3,0.9994497
1.53063E+12,3,3,0.99949896
1.53063E+12,3,3,0.9994898
1.53063E+12,3,3,0.9995473
1.53063E+12,3,3,0.9995535
1.53063E+12,3,3,0.9996941
1.53063E+12,3,3,0.99970764
1.53063E+12,3,3,0.99971694
1.53063E+12,3,3,0.9996419
1.53063E+12,3,3,0.99970156
1.53063E+12,3,3,0.99975044
1.53063E+12,3,3,0.9999901
1.53063E+12,3,3,0.9999974
1.53063E+12,3,3,0.99999905
1.53063E+12,3,3,0.9999192
1.53063E+12,3,3,0.9996939
1.53063E+12,3,3,0.99983215
1.53063E+12,3,3,0.9999409
1.53063E+12,3,3,0.99988973
1.53063E+12,3,3,0.9997522
1.53063E+12,3,3,0.99972826
1.53063E+12,3,3,0.9996728
1.53063E+12,3,3,0.999711
1.53063E+12,3,3,0.99975675
1.53063E+12,3,3,0.99973315
1.53063E+12,3,3,0.9997446
1.53063E+12,3,3,0.9997918
1.53063E+12,3,3,0.9997694
1.53063E+12,3,3,0.9998228
1.53063E+12,3,3,0.999728
1.53063E+12,3,3,0.99973446
1.53063E+12,3,3,0.999759
1.53063E+12,3,3,0.9997584
1.53063E+12,3,3,0.9998223
1.53063E+12,3,3,0.9996872
1.53063E+12,3,3,0.9996822
1.53063E+12,3,3,0.9997043
1.53063E+12,3,3,0.99979395
1.53063E+12,3,3,0.99946576
1.53063E+12,3,3,0.9995122
1.53063E+12,3,3,0.9991196
1.53063E+12,3,3,0.99939036
1.53063E+12,3,3,0.99932945
1.53063E+12,3,3,0.9992931
1.53063E+12,3,3,0.99925286
1.53063E+12,3,3,0.99876106
1.53063E+12,3,3,0.9989183
1.53063E+12,3,3,0.99893504
1.53063E+12,3,3,0.9991474
1.53063E+12,3,3,0.9994646
1.53063E+12,3,3,0.9996038
1.53063E+12,3,3,0.999483
1.53063E+12,3,3,0.9994085
1.53063E+12,3,3,0.99940455
1.53063E+12,3,3,0.99957293
1.53063E+12,3,3,0.99950886
1.53063E+12,3,3,0.9996131
1.53063E+12,3,3,0.9999088
1.53063E+12,3,3,0.9998271
1.53063E+12,3,3,0.9999224
1.53063E+12,3,3,0.9998672
1.53063E+12,3,3,0.9999721
1.53063E+12,3,3,0.9999057
1.53063E+12,3,3,0.999881
1.53063E+12,3,3,0.99994504
1.53063E+12,3,3,0.9997913
1.53063E+12,3,3,0.9999913
1.53063E+12,3,3,0.99996936
1.53063E+12,3,3,0.99990904
1.53063E+12,3,3,0.9999683
1.53063E+12,3,3,0.9999522
1.53063E+12,3,3,0.99994195
1.53063E+12,3,3,0.99990654
1.53063E+12,3,3,0.99990773
1.53063E+12,3,3,0.9999348
1.53063E+12,3,3,0.9999442
1.53063E+12,3,3,0.99989355
1.53063E+12,3,3,0.99987864
1.53063E+12,3,3,0.9998739
1.53063E+12,3,3,0.9998729
1.53063E+12,3,3,0.99988043
1.53063E+12,3,3,0.99986255
1.53063E+12,3,3,0.9998419
1.53063E+12,3,3,0.9998116
1.53063E+12,3,3,0.9997346
1.53063E+12,3,3,0.9998307
1.53063E+12,3,3,0.999762
1.53063E+12,3,3,0.9999864
1.53063E+12,3,3,0.9999621
1.53063E+12,3,3,0.999908
1.53063E+12,3,3,0.9992086
1.53063E+12,3,3,0.99954647
1.53063E+12,3,3,0.9994791
1.53063E+12,3,3,0.99658716
1.53063E+12,3,3,0.9961003
1.53063E+12,3,3,0.9960045
1.53063E+12,3,3,0.99506396
1.53063E+12,3,3,0.99499196
1.53063E+12,3,3,0.9958247
1.53063E+12,3,3,0.99607605
1.53063E+12,3,3,0.9962184
1.53063E+12,3,3,0.99609286
1.53063E+12,3,3,0.9988244
1.53063E+12,3,3,0.9988739
1.53063E+12,4,3,0.99711096
1.53063E+12,4,3,0.99437404
1.53063E+12,4,3,0.98625356
1.53063E+12,4,3,0.9638875
1.53063E+12,4,3,0.9610756
1.53063E+12,4,3,0.97910154
1.53063E+12,4,3,0.9879479
1.53063E+12,4,3,0.9993267
1.53063E+12,4,3,0.9993579
1.53063E+12,4,3,0.9955527
1.53063E+12,4,3,0.97349685
1.53063E+12,4,3,0.7879668
1.53063E+12,4,3,0.82321954
1.53063E+12,4,3,0.83850914
1.53063E+12,4,3,0.8886284
1.53063E+12,4,3,0.90891683
1.53063E+12,4,3,0.8834073
1.53063E+12,4,3,0.86774987
1.53063E+12,4,3,0.8360796
1.53063E+12,4,3,0.88738364
1.53063E+12,4,3,0.78973675
1.53063E+12,4,3,0.8747412
1.53063E+12,4,3,0.91505146
1.53063E+12,4,3,0.9944758
1.53063E+12,4,3,0.94644904
1.53063E+12,4,3,0.52597797
1.53063E+12,4,4,0.75601196
1.53063E+12,4,4,0.5115393
1.53063E+12,4,3,0.7408286
1.53063E+12,4,3,0.87188965
1.53063E+12,4,3,0.9467062
1.53063E+12,4,3,0.886961
1.53063E+12,4,3,0.64802337
1.53063E+12,4,4,0.7403721
1.53063E+12,4,3,0.5844317
1.53063E+12,4,3,0.8576318
1.53063E+12,4,3,0.8976044
1.53063E+12,4,3,0.8636082
1.53063E+12,4,3,0.82881457
1.53063E+12,4,3,0.8931085
1.53063E+12,4,3,0.89365673
1.53063E+12,4,3,0.66653347
1.53063E+12,4,3,0.64951986
1.53063E+12,4,4,0.5850754
1.53063E+12,4,4,0.52876073
1.53063E+12,4,4,0.531259
1.53063E+12,4,4,0.61883765
1.53063E+12,4,4,0.7319892
1.53063E+12,4,4,0.56979966
1.53063E+12,4,4,0.8348199
1.53063E+12,4,4,0.9500902
1.53063E+12,4,4,0.9582369
1.53063E+12,4,4,0.9593536
1.53063E+12,4,4,0.9910314
1.53063E+12,4,4,0.9881313
1.53063E+12,4,4,0.99221015
1.53063E+12,4,4,0.99662375
1.53063E+12,4,4,0.9968009
1.53063E+12,4,4,0.9973345
1.53063E+12,4,4,0.9982363
1.53063E+12,4,4,0.9990514
1.53063E+12,4,4,0.99952817
1.53063E+12,4,4,0.99912757
1.53063E+12,4,4,0.9965144
1.53063E+12,4,4,0.9967325
1.53063E+12,4,4,0.99937963
1.53063E+12,4,4,0.9993555
1.53063E+12,4,4,0.9991411
1.53063E+12,4,4,0.99965835
1.53063E+12,4,4,0.9997584
1.53063E+12,4,4,0.9997013
1.53063E+12,4,4,0.99966574
1.53063E+12,4,4,0.99969697
1.53063E+12,4,4,0.99986196
1.53063E+12,4,4,0.9998573
1.53063E+12,4,4,0.99991965
1.53063E+12,4,4,0.99994636
1.53063E+12,4,4,0.9999707
1.53063E+12,4,4,0.9999672
1.53063E+12,4,4,0.9999676
1.53063E+12,4,4,0.99997056
1.53063E+12,4,4,0.99997103
1.53063E+12,4,4,0.999972
1.53063E+12,4,4,0.9999591
1.53063E+12,4,4,0.9999391
1.53063E+12,4,4,0.99992454
1.53063E+12,4,4,0.9999199
1.53063E+12,4,4,0.9999163
1.53063E+12,4,4,0.999928
1.53063E+12,4,4,0.9999579
1.53063E+12,4,4,0.999966
1.53063E+12,4,4,0.9999161
1.53063E+12,4,4,0.9999145
1.53063E+12,4,4,0.9998803
1.53063E+12,4,4,0.9998729
1.53063E+12,4,4,0.99987733
1.53063E+12,4,4,0.9999007
1.53063E+12,4,4,0.9998541
1.53063E+12,4,4,0.99983585
1.53063E+12,4,4,0.99964
1.53063E+12,4,4,0.9995963
1.53063E+12,4,4,0.99954885
1.53063E+12,4,4,0.9995627
1.53063E+12,4,4,0.99963486
1.53063E+12,4,4,0.99959093
1.53063E+12,4,4,0.9996301
1.53063E+12,4,4,0.9997546
1.53063E+12,4,4,0.9997484
1.53063E+12,4,4,0.9997223
1.53063E+12,4,4,0.9997539
1.53063E+12,4,4,0.9997644
1.53063E+12,4,4,0.99986744
1.53063E+12,4,4,0.9998054
1.53063E+12,4,4,0.99986696
1.53063E+12,4,4,0.99981076
1.53063E+12,4,4,0.99965847
1.53063E+12,4,4,0.99981564
1.53063E+12,4,4,0.9998604
1.53063E+12,4,4,0.9999298
1.53063E+12,4,4,0.9998902
1.53063E+12,4,4,0.9998666
1.53063E+12,4,4,0.99991703
1.53063E+12,4,4,0.99989784
1.53063E+12,4,4,0.99988925
1.53063E+12,4,4,0.9998958
1.53063E+12,4,4,0.999905
1.53063E+12,4,4,0.9999237
1.53063E+12,4,4,0.9999254
1.53063E+12,4,4,0.99992406
1.53063E+12,4,4,0.99991727
1.53063E+12,4,4,0.9999026
1.53063E+12,4,4,0.99986804
1.53063E+12,4,4,0.9997911
1.53063E+12,4,4,0.9997379
1.53063E+12,4,4,0.9996544
1.53063E+12,4,4,0.9995572
1.53063E+12,4,4,0.9996718
1.53063E+12,4,4,0.99975675
1.53063E+12,4,4,0.9997657
1.53063E+12,4,4,0.9998047
1.53063E+12,4,4,0.99983466
1.53063E+12,4,4,0.999731
1.53063E+12,4,4,0.999788
1.53063E+12,4,4,0.99973565
1.53063E+12,4,4,0.9996233
1.53063E+12,4,4,0.9996793
1.53063E+12,4,4,0.999835
1.53063E+12,4,4,0.9998419
1.53063E+12,4,4,0.9999126
1.53063E+12,4,4,0.9999217
1.53063E+12,4,4,0.9998783
1.53063E+12,4,4,0.99987435
1.53063E+12,4,4,0.9998611
1.53063E+12,4,4,0.9997956
1.53063E+12,4,4,0.999905
1.53063E+12,4,4,0.99995184
1.53063E+12,4,4,0.9999362
1.53063E+12,4,4,0.9999279
1.53063E+12,4,4,0.99996126
1.53063E+12,4,4,0.99997103
1.53063E+12,4,4,0.9999565
1.53063E+12,4,4,0.99995553
1.53063E+12,4,4,0.9999654
1.53063E+12,4,4,0.99998915
1.53063E+12,4,4,0.99998796
1.53063E+12,4,4,0.9999722
1.53063E+12,4,4,0.99997675
1.53063E+12,4,4,0.99996185
1.53063E+12,4,4,0.99995077
1.53063E+12,4,4,0.99992704
1.53063E+12,4,4,0.99991596
1.53063E+12,4,4,0.99995315
1.53063E+12,4,4,0.9999697
1.53063E+12,4,4,0.99997437
1.53063E+12,4,4,0.9999815
1.53063E+12,4,4,0.9999883
1.53063E+12,4,4,0.9999832
1.53063E+12,4,4,0.99998474
1.53063E+12,4,4,0.9999844
1.53063E+12,4,4,0.99999154
1.53063E+12,4,4,0.9999943
1.53063E+12,4,4,0.9999814
1.53063E+12,4,4,0.9999765
1.53063E+12,4,4,0.99997604
1.53063E+12,4,4,0.99998915
1.53063E+12,4,4,0.9999896
1.53063E+12,4,4,0.99999
1.53063E+12,4,4,0.9999796
1.53063E+12,4,4,0.9999572
1.53063E+12,4,4,0.9999677
1.53063E+12,4,4,0.9998826
1.53063E+12,4,4,0.9991048
1.53063E+12,4,4,0.99832064
1.53063E+12,4,4,0.9987557
1.53063E+12,4,4,0.99883014
1.53063E+12,4,4,0.99860686
1.53063E+12,4,4,0.9990972
1.53063E+12,4,4,0.9994647
1.53063E+12,4,4,0.99920636
1.53063E+12,4,4,0.9989293
1.53063E+12,4,4,0.99890316
1.53063E+12,4,4,0.9993383
1.53063E+12,4,4,0.9983948
1.53063E+12,4,4,0.9926918
1.53063E+12,4,4,0.9835593
1.53063E+12,4,4,0.9875887
1.53063E+12,4,4,0.98992705
1.53063E+12,4,4,0.9873082
1.53063E+12,4,4,0.9870008
1.53063E+12,5,4,0.9956382
1.53063E+12,5,4,0.9985043
1.53063E+12,5,4,0.9990127
1.53063E+12,5,4,0.99883574
1.53063E+12,5,4,0.9989274
1.53063E+12,5,4,0.999006
1.53063E+12,5,4,0.9980444
1.53063E+12,5,4,0.99705017
1.53063E+12,5,4,0.9996978
1.53063E+12,5,4,0.9993375
1.53063E+12,5,4,0.9998222
1.53063E+12,5,4,0.99938166
1.53063E+12,5,4,0.99968183
1.53063E+12,5,4,0.999706
1.53063E+12,5,4,0.99976784
1.53063E+12,5,4,0.99976486
1.53063E+12,5,4,0.99972504
1.53063E+12,5,4,0.9996848
1.53063E+12,5,4,0.9995604
1.53063E+12,5,4,0.999589
1.53063E+12,5,4,0.99960274
1.53063E+12,5,4,0.9995516
1.53063E+12,5,4,0.99967813
1.53063E+12,5,4,0.9997069
1.53063E+12,5,4,0.99954045
1.53063E+12,5,4,0.99858934
1.53063E+12,5,4,0.97848654
1.53063E+12,5,4,0.98545873
1.53063E+12,5,4,0.9913094
1.53063E+12,5,4,0.9962047
1.53063E+12,5,4,0.9761928
1.53063E+12,5,4,0.9867575
1.53063E+12,5,4,0.8853151
1.53063E+12,5,4,0.6636788
1.53063E+12,5,5,0.833986
1.53063E+12,5,5,0.91126984
1.53063E+12,5,5,0.9812382
1.53063E+12,5,5,0.9805165
1.53063E+12,5,5,0.9785059
1.53063E+12,5,5,0.98290145
1.53063E+12,5,5,0.9900316
1.53063E+12,5,5,0.99588263
1.53063E+12,5,5,0.9990446
1.53063E+12,5,5,0.99933463
1.53063E+12,5,5,0.9994573
1.53063E+12,5,5,0.9995832
1.53063E+12,5,5,0.99959725
1.53063E+12,5,5,0.99961483
1.53063E+12,5,5,0.99974674
1.53063E+12,5,5,0.9998068
1.53063E+12,5,5,0.99990547
1.53063E+12,5,5,0.99985635
1.53063E+12,5,5,0.9998004
1.53063E+12,5,5,0.999678
1.53063E+12,5,5,0.9996382
1.53063E+12,5,5,0.999708
1.53063E+12,5,5,0.9997267
1.53063E+12,5,5,0.9991417
1.53063E+12,5,5,0.9976846
1.53063E+12,5,5,0.9966403
1.53063E+12,5,5,0.9966388
1.53063E+12,5,5,0.9962804
1.53063E+12,5,5,0.9958663
1.53063E+12,5,5,0.996231
1.53063E+12,5,5,0.9947436
1.53063E+12,5,5,0.9932433
1.53063E+12,5,5,0.99393326
1.53063E+12,5,5,0.9921455
1.53063E+12,5,5,0.98979926
1.53063E+12,5,5,0.9900845
1.53063E+12,5,5,0.989632
1.53063E+12,5,5,0.98818004
1.53063E+12,5,5,0.98861885
1.53063E+12,6,5,0.9840042
1.53063E+12,6,5,0.97571295
1.53063E+12,6,5,0.970711
1.53063E+12,6,5,0.9642301
1.53063E+12,6,5,0.96924925
1.53063E+12,6,5,0.97005314
1.53063E+12,6,5,0.9709019
1.53063E+12,6,5,0.9669462
1.53063E+12,6,5,0.9565064
1.53063E+12,6,5,0.95097655
1.53063E+12,6,5,0.9435686
1.53063E+12,6,5,0.9409266
1.53063E+12,6,5,0.93694925
1.53063E+12,6,5,0.9406182
1.53063E+12,6,5,0.93510365
1.53063E+12,6,5,0.8900006
1.53063E+12,6,5,0.775973
1.53063E+12,6,5,0.6877818
1.53063E+12,6,5,0.5034174
1.53063E+12,6,6,0.6616801
1.53063E+12,6,6,0.6078388
1.53063E+12,6,6,0.68921304
1.53063E+12,6,6,0.713412
1.53063E+12,6,6,0.74183047
1.53063E+12,6,6,0.9101555
1.53063E+12,6,6,0.9300125
1.53063E+12,6,6,0.9395209
1.53063E+12,6,6,0.95932245
1.53063E+12,6,6,0.9604363
1.53063E+12,6,6,0.9589251
1.53063E+12,6,6,0.9704198
1.53063E+12,6,6,0.98244065
1.53063E+12,6,6,0.99673176
1.53063E+12,6,6,0.99737346
1.53063E+12,6,6,0.998154
1.53063E+12,6,6,0.99870586
1.53063E+12,6,6,0.9984238
1.53063E+12,6,6,0.9981893
1.53063E+12,6,6,0.9981793
1.53063E+12,6,6,0.99905664
1.53063E+12,6,6,0.9996625
1.53063E+12,6,6,0.9997149
1.53063E+12,6,6,0.99984384
1.53063E+12,6,6,0.9998566
1.53063E+12,6,6,0.99982446
1.53063E+12,6,6,0.9998179
1.53063E+12,6,6,0.99985075
1.53063E+12,6,6,0.9998995
1.53063E+12,6,6,0.99993694
1.53063E+12,6,6,0.9999267
1.53063E+12,6,6,0.9999523
1.53063E+12,6,6,0.9999497
1.53063E+12,6,6,0.99995816
1.53063E+12,6,6,0.9999639
1.53063E+12,6,6,0.99995935
1.53063E+12,6,6,0.9999535
1.53063E+12,6,6,0.9999453
1.53063E+12,6,6,0.99992967
1.53063E+12,6,6,0.99991965
1.53063E+12,6,6,0.99991214
1.53063E+12,6,6,0.99991274
1.53063E+12,6,6,0.9999181
1.53063E+12,6,6,0.99992275
1.53063E+12,6,6,0.9999348
1.53063E+12,6,6,0.99994195
1.53063E+12,6,6,0.99994504
1.53063E+12,6,6,0.99994695
1.53063E+12,6,6,0.9999497
1.53063E+12,6,6,0.99996054
1.53063E+12,6,6,0.999961
1.53063E+12,6,6,0.9999552
1.53063E+12,6,6,0.99995244
1.53063E+12,6,6,0.99994946
1.53063E+12,6,6,0.99994254
1.53063E+12,6,6,0.9999348
1.53063E+12,6,6,0.9999255
1.53063E+12,6,6,0.9999244
1.53063E+12,6,6,0.99992085
1.53063E+12,6,6,0.9999212
1.53063E+12,6,6,0.9999387
1.53063E+12,6,6,0.999956
1.53063E+12,6,6,0.9999591
1.53063E+12,6,6,0.9999598
1.53063E+12,6,6,0.9999547
1.53063E+12,6,6,0.99995494
1.53063E+12,6,6,0.99995434
1.53063E+12,6,6,0.9999523
1.53063E+12,6,6,0.99994826
1.53063E+12,6,6,0.99996006
1.53063E+12,6,6,0.999961
1.53063E+12,6,6,0.99996316
1.53063E+12,6,6,0.9999658
1.53063E+12,6,6,0.99996567
1.53063E+12,6,6,0.99996364
1.53063E+12,6,6,0.9999664
1.53063E+12,6,6,0.9999709
1.53063E+12,6,6,0.99997413
1.53063E+12,6,6,0.99995816
1.53063E+12,6,6,0.99994457
1.53063E+12,6,6,0.99992466
1.53063E+12,6,6,0.9999312
1.53063E+12,6,6,0.9999238
1.53063E+12,6,6,0.9999136
1.53063E+12,6,6,0.99991655
1.53063E+12,6,6,0.99990463
1.53063E+12,6,6,0.99989676
1.53063E+12,6,6,0.9998865
1.53063E+12,6,6,0.9998585
1.53063E+12,6,6,0.9998661
1.53063E+12,6,6,0.99985766
1.53063E+12,6,6,0.9998609
1.53063E+12,6,6,0.9998733
1.53063E+12,6,6,0.9998517
1.53063E+12,6,6,0.9998092
1.53063E+12,6,6,0.9997681
1.53063E+12,6,6,0.9996526
1.53063E+12,6,6,0.99965763
1.53063E+12,6,6,0.9996381
1.53063E+12,6,6,0.9995969
1.53063E+12,6,6,0.99959296
1.53063E+12,6,6,0.9993443
1.53063E+12,6,6,0.99905616
1.53063E+12,6,6,0.99908364
1.53063E+12,6,6,0.9988703
1.53063E+12,6,6,0.998887
1.53063E+12,6,6,0.9988483
1.53063E+12,6,6,0.9992048
1.53063E+12,6,6,0.9991774
1.53063E+12,6,6,0.9992893
1.53063E+12,6,6,0.9992113
1.53063E+12,6,6,0.9991794
1.53063E+12,6,6,0.9991393
1.53063E+12,6,6,0.9990835
1.53063E+12,6,6,0.99896896
1.53063E+12,6,6,0.9988172
1.53063E+12,6,6,0.9987105
1.53063E+12,6,6,0.9986305
1.53063E+12,6,6,0.9988024
1.53063E+12,6,6,0.99873203
1.53063E+12,6,6,0.998871
1.53063E+12,6,6,0.9991555
1.53063E+12,6,6,0.9987953
1.53063E+12,6,6,0.9991215
1.53063E+12,6,6,0.99931073
1.53063E+12,6,6,0.9993349
1.53063E+12,6,6,0.9996567
1.53063E+12,6,6,0.9997476
1.53063E+12,6,6,0.99979585
1.53063E+12,6,6,0.9997924
1.53063E+12,6,6,0.9998085
1.53063E+12,6,6,0.99980015
1.53063E+12,6,6,0.99978656
1.53063E+12,6,6,0.9998167
1.53063E+12,6,6,0.99989116
1.53063E+12,6,6,0.99991643
1.53063E+12,6,6,0.99993765
1.53063E+12,6,6,0.99993896
1.53063E+12,6,6,0.9999372
1.53063E+12,6,6,0.99993277
1.53063E+12,6,6,0.99992216
1.53063E+12,6,6,0.9998739
1.53063E+12,6,6,0.99986005
1.53063E+12,6,6,0.99987316
1.53063E+12,6,6,0.99987483
1.53063E+12,6,6,0.9998683
1.53063E+12,6,6,0.9998708
1.53063E+12,6,6,0.99986553
1.53063E+12,6,6,0.9998136
1.53063E+12,6,6,0.99978226
1.53063E+12,6,6,0.9998078
1.53063E+12,6,6,0.9997665
1.53063E+12,6,6,0.9997894
1.53063E+12,6,6,0.9997924
1.53063E+12,6,6,0.9997905
1.53063E+12,6,6,0.9997894
1.53063E+12,6,6,0.9997086
1.53063E+12,6,6,0.99971443
1.53063E+12,6,6,0.9997733
1.53063E+12,6,6,0.999749
1.53063E+12,6,6,0.9997856
1.53063E+12,6,6,0.99979275
1.53063E+12,6,6,0.99979323
1.53063E+12,6,6,0.99978274
1.53063E+12,6,6,0.99976486
1.53063E+12,6,6,0.9997615
1.53063E+12,6,6,0.9997508
1.53063E+12,6,6,0.99974376
1.53063E+12,6,6,0.9997497
1.53063E+12,6,6,0.9997559
1.53063E+12,6,6,0.99978215
1.53063E+12,6,6,0.9997632
1.53063E+12,6,6,0.99977356
1.53063E+12,6,6,0.99972814
1.53063E+12,6,6,0.9997048
1.53063E+12,6,6,0.99973935
1.53063E+12,6,6,0.99971217
1.53063E+12,6,6,0.99973696
1.53063E+12,6,6,0.9996991
1.53063E+12,6,6,0.9997003
1.53063E+12,6,6,0.9997211
1.53063E+12,6,6,0.9995846
1.53063E+12,6,6,0.9995309
1.53063E+12,6,6,0.9994537
1.53063E+12,6,6,0.99931324
1.53063E+12,6,6,0.9992957
1.53063E+12,6,6,0.99932706
1.53063E+12,6,6,0.9993467
1.53063E+12,6,6,0.9993044
1.53063E+12,6,6,0.9990845
1.53063E+12,6,6,0.998901
1.53063E+12,6,6,0.9986621
1.53063E+12,6,6,0.9984773
1.53063E+12,6,6,0.9983284
1.53063E+12,6,6,0.9982222
1.53063E+12,6,6,0.99813855
1.53063E+12,6,6,0.99785787
1.53063E+12,6,6,0.9975924
1.53063E+12,6,6,0.9975829
1.53063E+12,6,6,0.9976342
1.53063E+12,6,6,0.9977864
1.53063E+12,6,6,0.99807584
1.53063E+12,6,6,0.99818254
1.53063E+12,6,6,0.99806577
1.53063E+12,6,6,0.99806684
1.53063E+12,6,6,0.9970385
1.53063E+12,6,6,0.9974269
1.53063E+12,6,6,0.9945603
1.53063E+12,6,6,0.99505025
1.53063E+12,6,6,0.99381083
1.53063E+12,6,6,0.99318707
1.53063E+12,6,6,0.9948836
1.53063E+12,6,6,0.99343383
1.53063E+12,6,6,0.9932759
1.53063E+12,6,6,0.99432915
1.53063E+12,6,6,0.9944471
1.53063E+12,6,6,0.99372756
1.53063E+12,6,6,0.9910773
1.53063E+12,6,6,0.99111205
1.53063E+12,6,6,0.9913031
1.53063E+12,6,6,0.9871724
1.53063E+12,6,6,0.9844418
1.53063E+12,6,6,0.9857847
1.53063E+12,6,6,0.97955656
1.53063E+12,6,6,0.9796647
1.53063E+12,6,6,0.9884553
1.53063E+12,6,6,0.99151623
1.53063E+12,6,6,0.99044085
1.53063E+12,6,6,0.98987234
1.53063E+12,6,6,0.9891327
1.53063E+12,6,6,0.9894246
1.53063E+12,6,6,0.99079424
1.53063E+12,6,6,0.9905405
1.53063E+12,6,6,0.99006885
1.53063E+12,6,6,0.9897279
1.53063E+12,6,6,0.9894493
1.53063E+12,6,6,0.990207
1.53063E+12,6,6,0.9914579
1.53063E+12,6,6,0.99196553
1.53063E+12,6,6,0.99336916
1.53063E+12,6,6,0.9934336
1.53063E+12,6,6,0.9926858
1.53063E+12,6,6,0.99284005
1.53063E+12,6,6,0.9938147
1.53063E+12,6,6,0.9944121
1.53063E+12,6,6,0.99490803
1.53063E+12,6,6,0.99426657
1.53063E+12,6,6,0.9948757
1.53063E+12,6,6,0.9936243
1.53063E+12,6,6,0.9933028
1.53063E+12,6,6,0.99281865
1.53063E+12,6,6,0.9925614
1.53063E+12,6,6,0.9917631
1.53063E+12,6,6,0.98855746
1.53063E+12,6,6,0.98928016
1.53063E+12,6,6,0.98730576
1.53063E+12,6,6,0.98572457
1.53063E+12,6,6,0.98585355
1.53063E+12,6,6,0.98556954
1.53063E+12,6,6,0.9850638
1.53063E+12,6,6,0.9855605
1.53063E+12,6,6,0.9815762
1.53063E+12,6,6,0.98141325
1.53063E+12,6,6,0.9749526
1.53063E+12,6,6,0.96802104
1.53063E+12,6,6,0.9676703
1.53063E+12,6,6,0.9672775
1.53063E+12,6,6,0.9669881
1.53063E+12,6,6,0.9577708
1.53063E+12,6,6,0.913077
1.53063E+12,6,6,0.87859386
1.53063E+12,6,6,0.7210829
1.53063E+12,6,6,0.65165395
1.53063E+12,6,6,0.6665619
1.53063E+12,6,6,0.63177794
1.53063E+12,6,6,0.630249
1.53063E+12,6,6,0.6645079
1.53063E+12,6,6,0.57081103
1.53063E+12,6,6,0.5128839
1.53063E+12,6,5,0.5746418
1.53063E+12,6,5,0.740864
1.53063E+12,6,5,0.74409866
1.53063E+12,6,5,0.7416912
1.53063E+12,6,5,0.7350499
1.53063E+12,6,5,0.7140809
1.53063E+12,6,5,0.83996266
1.53063E+12,6,5,0.86745936
1.53063E+12,6,5,0.9019988
1.53063E+12,6,5,0.9466129
1.53063E+12,6,5,0.9458814
1.53063E+12,6,5,0.9469683
1.53063E+12,5,5,0.94835645
1.53063E+12,5,5,0.9492526
1.53063E+12,5,5,0.9647097
1.53063E+12,5,5,0.97318685
1.53063E+12,5,5,0.9825698
1.53063E+12,5,5,0.98785317
1.53063E+12,5,5,0.98786306
1.53063E+12,5,5,0.98787284
1.53063E+12,5,5,0.98787016
1.53063E+12,5,5,0.9882212
1.53063E+12,5,5,0.99075997
1.53063E+12,5,5,0.991708
1.53063E+12,5,5,0.99376583
1.53063E+12,5,5,0.9936784
1.53063E+12,5,5,0.9933102
1.53063E+12,5,5,0.99328494
1.53063E+12,5,5,0.9933555
1.53063E+12,5,5,0.99378914
1.53063E+12,5,5,0.99416274
1.53063E+12,5,5,0.99478614
1.53063E+12,5,5,0.9955786
1.53063E+12,5,5,0.99574715
1.53063E+12,5,5,0.99570954
1.53063E+12,5,5,0.9956601
1.53063E+12,5,5,0.9956957
1.53063E+12,5,5,0.9958474
1.53063E+12,5,5,0.9963108
1.53063E+12,5,5,0.99555165
1.53063E+12,5,5,0.99592763
1.53063E+12,5,5,0.99588084
1.53063E+12,5,5,0.99590755
1.53063E+12,5,5,0.9958967
1.53063E+12,5,5,0.9959351
1.53063E+12,5,5,0.99612707
1.53063E+12,5,5,0.99638087
1.53063E+12,5,5,0.9966378
1.53063E+12,5,5,0.99651575
1.53063E+12,5,5,0.99589807
1.53063E+12,5,5,0.99577206
1.53063E+12,5,5,0.9956891
1.53063E+12,5,5,0.99561393
1.53063E+12,5,5,0.99538946
1.53063E+12,5,5,0.99717075
1.53063E+12,5,5,0.9969687
1.53063E+12,5,5,0.9981573
1.53063E+12,5,5,0.9983164
1.53063E+12,5,5,0.99836046
1.53063E+12,5,5,0.9987644
1.53063E+12,5,5,0.99861014
1.53063E+12,5,5,0.99859446
1.53063E+12,5,5,0.998642
1.53063E+12,5,5,0.99907076
1.53063E+12,5,5,0.9994198
1.53063E+12,5,5,0.99926656
1.53063E+12,5,5,0.99886477
1.53063E+12,5,5,0.9989981
1.53063E+12,5,5,0.9989041
1.53063E+12,5,5,0.9989202
1.53063E+12,5,5,0.9993735
1.53063E+12,5,5,0.9994517
1.53063E+12,5,5,0.9996389
1.53063E+12,5,5,0.99970764
1.53063E+12,5,5,0.99968994
1.53063E+12,5,5,0.9996817
1.53063E+12,5,5,0.99968994
1.53063E+12,5,5,0.9997032
1.53063E+12,5,5,0.99975604
1.53063E+12,5,5,0.99977607
1.53063E+12,5,5,0.99979895
1.53063E+12,5,5,0.9998155
1.53063E+12,5,5,0.9998282
1.53063E+12,5,5,0.9998292
1.53063E+12,5,5,0.9998363
1.53063E+12,5,5,0.99983025
1.53063E+12,5,5,0.9998197
1.53063E+12,5,5,0.9998306
1.53063E+12,5,5,0.9998066
1.53063E+12,5,5,0.9997967
1.53063E+12,5,5,0.9997869
1.53063E+12,5,5,0.99978024
1.53063E+12,5,5,0.99978274
1.53063E+12,5,5,0.99977976
1.53063E+12,5,5,0.9997713
1.53063E+12,5,5,0.99978334
1.53063E+12,5,5,0.9997805
1.53063E+12,5,5,0.99977344
1.53063E+12,5,5,0.9998018
1.53063E+12,5,5,0.9998084
1.53063E+12,5,5,0.9997645
1.53063E+12,5,5,0.9996959
1.53063E+12,5,5,0.9997223
1.53063E+12,5,5,0.99971694
1.53063E+12,5,5,0.9997476
1.53063E+12,5,5,0.9997706
1.53063E+12,5,5,0.9997876
1.53063E+12,5,5,0.99981505
1.53063E+12,5,5,0.99983907
1.53063E+12,5,5,0.99981815
1.53063E+12,5,5,0.99987173
1.53063E+12,5,5,0.9998561
1.53063E+12,5,5,0.9998882
1.53063E+12,5,5,0.99990726
1.53063E+12,5,5,0.9998977
1.53063E+12,5,5,0.9998934
1.53063E+12,5,5,0.99989986
1.53063E+12,5,5,0.9998673
1.53063E+12,5,5,0.99988985
1.53063E+12,5,5,0.99986374
1.53063E+12,5,5,0.999863
1.53063E+12,5,5,0.99985886
1.53063E+12,5,5,0.9998319
1.53063E+12,5,5,0.9998222
1.53063E+12,5,5,0.99984264
1.53063E+12,5,5,0.9997665
1.53063E+12,5,5,0.99984705
1.53063E+12,5,5,0.9997451
1.53063E+12,5,5,0.9998134
1.53063E+12,5,5,0.99977475
1.53063E+12,5,5,0.9997749
1.53063E+12,5,5,0.9997955
1.53063E+12,5,5,0.9998078
1.53063E+12,5,5,0.9997633
1.53063E+12,5,5,0.9997373
1.53063E+12,5,5,0.9995838
1.53063E+12,5,5,0.99955946
1.53063E+12,5,5,0.999503
1.53063E+12,5,5,0.9995066
1.53063E+12,5,5,0.99952877
1.53063E+12,5,5,0.9995127
1.53063E+12,5,5,0.9995363
1.53063E+12,5,5,0.9995505
1.53063E+12,5,5,0.9995747
1.53063E+12,5,5,0.9995995
1.53063E+12,5,5,0.9995974
1.53063E+12,5,5,0.99959177
1.53063E+12,5,5,0.99960893
1.53063E+12,5,5,0.99965906
1.53063E+12,5,5,0.9996778
1.53063E+12,5,5,0.9996606
1.53063E+12,5,5,0.9997243
1.53063E+12,5,5,0.99974364
1.53063E+12,5,5,0.99976426
1.53063E+12,5,5,0.9997582
1.53063E+12,5,5,0.99975866
1.53063E+12,5,5,0.9997776
1.53063E+12,5,5,0.9998084
1.53063E+12,5,5,0.99978167
1.53063E+12,5,5,0.99977463
1.53063E+12,5,5,0.9997272
1.53063E+12,5,5,0.99975234
1.53063E+12,5,5,0.9997845
1.53063E+12,5,5,0.9997974
1.53063E+12,5,5,0.99979657
1.53063E+12,5,5,0.99980575
1.53063E+12,5,5,0.9997719
1.53063E+12,5,5,0.999689
1.53063E+12,5,5,0.99957675
1.53063E+12,5,5,0.99969995
1.53063E+12,5,5,0.9997241
1.53063E+12,5,5,0.99971944
1.53063E+12,5,5,0.99975854
1.53063E+12,5,5,0.99976736
1.53063E+12,5,5,0.9997372
1.53063E+12,5,5,0.99901485
1.53063E+12,5,5,0.9988487
1.53063E+12,5,5,0.99859756
1.53063E+12,5,5,0.99797934
1.53063E+12,5,5,0.9975616
1.53063E+12,5,5,0.99790895
1.53063E+12,5,5,0.99784946
1.53063E+12,5,5,0.99339676
1.53063E+12,5,5,0.98375744
1.53063E+12,5,5,0.9626266
1.53063E+12,5,5,0.96853304
1.53063E+12,5,5,0.96544826
1.53063E+12,5,5,0.9672929
1.53063E+12,5,5,0.9673662
1.53063E+12,5,5,0.9548312
1.53063E+12,5,5,0.91241914
1.53063E+12,5,5,0.80601203
1.53063E+12,5,5,0.7416322
1.53063E+12,5,5,0.7785194
1.53063E+12,5,5,0.76544714
1.53063E+12,5,5,0.7103782
1.53063E+12,5,5,0.7626017
1.53063E+12,5,5,0.56379807
1.53063E+12,5,5,0.66469306
1.53063E+12,5,5,0.9559227
1.53063E+12,5,5,0.8975682
1.53063E+12,5,5,0.91160345
1.53063E+12,5,5,0.64759403
1.53063E+12,5,5,0.9231396
1.53063E+12,5,5,0.6381675
1.53063E+12,5,5,0.89651036
1.53063E+12,5,5,0.74506825
1.53063E+12,5,5,0.9662357
1.53063E+12,5,5,0.96694905
1.53063E+12,5,5,0.9689077
1.53063E+12,5,5,0.9704992
1.53063E+12,5,5,0.972389
1.53063E+12,5,5,0.9764015
1.53063E+12,5,5,0.9792054
1.53063E+12,5,5,0.9812089
1.53063E+12,5,5,0.9897808
1.53063E+12,5,5,0.9905696
1.53063E+12,5,5,0.9897545
1.53063E+12,5,5,0.98898417
1.53063E+12,5,5,0.98869216
1.53063E+12,5,5,0.98722386
1.53063E+12,5,5,0.9912868
1.53063E+12,5,5,0.9874843
1.53063E+12,5,5,0.9915291
1.53063E+12,5,5,0.9905284
1.53063E+12,5,5,0.9929426
1.53063E+12,5,5,0.993234
1.53063E+12,5,5,0.99323237
1.53063E+12,5,5,0.993287
1.53063E+12,5,5,0.9955309
1.53063E+12,4,4,0.99386215
1.53063E+12,4,4,0.9947556
1.53063E+12,4,4,0.9933343
1.53063E+12,4,4,0.99316895
1.53063E+12,4,4,0.9930749
1.53063E+12,4,4,0.99351466
1.53063E+12,4,4,0.9933084
1.53063E+12,4,4,0.9957594
1.53063E+12,4,4,0.9941203
1.53063E+12,4,4,0.99639904
1.53063E+12,4,4,0.99421096
1.53063E+12,4,4,0.9956928
1.53063E+12,4,4,0.9956838
1.53063E+12,4,4,0.9957066
1.53063E+12,4,4,0.99562573
1.53063E+12,4,4,0.9964038
1.53063E+12,4,4,0.9953218
1.53063E+12,4,4,0.99567586
1.53063E+12,4,4,0.995004
1.53063E+12,4,4,0.99521
1.53063E+12,4,4,0.9955113
1.53063E+12,4,4,0.99563885
1.53063E+12,4,4,0.9957781
1.53063E+12,4,4,0.9963111
1.53063E+12,4,4,0.9957671
1.53063E+12,4,4,0.9962303
1.53063E+12,4,4,0.9959204
1.53063E+12,4,4,0.99620444
1.53063E+12,4,4,0.9961433
1.53063E+12,4,4,0.99616253
1.53063E+12,4,4,0.99618965
1.53063E+12,4,4,0.99638355
1.53063E+12,4,4,0.99663794
1.53063E+12,4,4,0.99696237
1.53063E+12,4,4,0.99724674
1.53063E+12,4,4,0.9973379
1.53063E+12,4,4,0.99748766
1.53063E+12,4,4,0.99745685
1.53063E+12,4,4,0.99739826
1.53063E+12,4,4,0.99721116
1.53063E+12,4,4,0.99812835
1.53063E+12,4,4,0.9979081
1.53063E+12,4,4,0.9983005
1.53063E+12,4,4,0.99839526
1.53063E+12,4,4,0.99839896
1.53063E+12,4,4,0.99836475
1.53063E+12,4,4,0.9982926
1.53063E+12,4,4,0.9978916
1.53063E+12,4,4,0.9984469
1.53063E+12,4,4,0.99807787
1.53063E+12,4,4,0.99846673
1.53063E+12,4,4,0.9985097
1.53063E+12,4,4,0.998516
1.53063E+12,4,4,0.99849343
1.53063E+12,4,4,0.9984401
1.53063E+12,4,4,0.99817324
1.53063E+12,4,4,0.99854183
1.53063E+12,4,4,0.9982944
1.53063E+12,4,4,0.99864393
1.53063E+12,4,4,0.9985453
1.53063E+12,4,4,0.998538
1.53063E+12,4,4,0.9986755
1.53063E+12,4,4,0.9985827
1.53063E+12,4,4,0.9988808
1.53063E+12,4,4,0.99871874
1.53063E+12,4,4,0.99898714
1.53063E+12,4,4,0.9988908
1.53063E+12,4,4,0.99872404
1.53063E+12,4,4,0.99787056
1.53063E+12,4,4,0.99854183
1.53063E+12,4,4,0.998218
1.53063E+12,4,4,0.99913967
1.53063E+12,4,4,0.9988092
1.53063E+12,4,4,0.99874276
1.53063E+12,4,4,0.99898416
1.53063E+12,4,4,0.9988539
1.53063E+12,4,4,0.9988777
1.53063E+12,4,4,0.998933
1.53063E+12,4,4,0.9988439
1.53063E+12,4,4,0.9988286
1.53063E+12,4,4,0.99863666
1.53063E+12,4,4,0.9986895
1.53063E+12,4,4,0.9982994
1.53063E+12,4,4,0.99844676
1.53063E+12,4,4,0.9986517
1.53063E+12,4,4,0.99839157
1.53063E+12,4,4,0.9984353
1.53063E+12,4,4,0.99814
1.53063E+12,4,4,0.9983266
1.53063E+12,4,4,0.99809533
1.53063E+12,4,4,0.9981762
1.53063E+12,4,4,0.9979474
1.53063E+12,4,4,0.9977991
1.53063E+12,4,4,0.997521
1.53063E+12,4,4,0.9974246
1.53063E+12,4,4,0.9969404
1.53063E+12,4,4,0.9965737
1.53063E+12,4,4,0.9954144
1.53063E+12,4,4,0.9957424
1.53063E+12,4,4,0.99375856
1.53063E+12,4,4,0.99378973
1.53063E+12,4,4,0.9941823
1.53063E+12,4,4,0.9938135
1.53063E+12,4,4,0.99566597
1.53063E+12,4,4,0.9865041
1.53063E+12,4,4,0.96019936
10,4,4,0.6795023
10,4,4,0.6901842
10,4,4,0.8474647
10,4,4,0.8917948
10,4,4,0.908241
10,4,4,0.9420128
10,4,4,0.99229735
10,4,4,0.9975262
10,4,4,0.9997116
10,4,4,0.9998022
10,4,4,0.9997962
10,4,4,0.9997925
10,4,4,0.99978703
10,4,4,0.9998301
10,4,4,0.9999484
10,4,4,0.99995625
10,4,4,0.9999857
10,4,4,0.9999808
10,4,4,0.99998176
10,4,4,0.9999815
10,4,4,0.99998045
10,4,4,0.99998057
10,4,4,0.9999907
10,4,4,0.99998903
10,4,4,0.99999475
10,4,4,0.99999166
10,4,4,0.9999918
10,4,4,0.99999166
10,4,4,0.9999918
10,4,4,0.9999919
10,4,4,0.9999938
10,4,4,0.99999297
10,4,4,0.99999404
10,4,4,0.9999927
10,4,4,0.99999297
10,4,4,0.99999285
10,4,4,0.9999926
10,4,4,0.9999924
10,4,4,0.9999937
10,4,4,0.99999285
10,4,4,0.99999356
10,4,4,0.9999908
10,4,4,0.9999908
10,4,4,0.9999907
10,4,4,0.99999046
10,4,4,0.99999046
10,4,4,0.999992
10,4,4,0.999992
10,4,4,0.9999933
10,4,4,0.9999925
10,4,4,0.9999926
10,4,4,0.9999926
10,4,4,0.9999927
10,4,4,0.9999927
10,4,4,0.9999933
10,4,4,0.99999285
10,4,4,0.9999933
10,4,4,0.9999924
10,4,4,0.9999924
10,4,4,0.99999225
10,4,4,0.9999919
10,4,4,0.99999154
10,4,4,0.9999914
10,4,4,0.99999106
10,4,4,0.9999907
10,4,4,0.9999908
10,4,4,0.9999912
10,4,4,0.99999094
10,4,4,0.9999906
10,4,4,0.9999902
10,4,4,0.99998987
10,4,4,0.99998975
10,4,4,0.9999895
10,4,4,0.9999893
10,4,4,0.9999893
10,4,4,0.99998903
10,4,4,0.9999887
10,4,4,0.99998856
10,4,4,0.9999883
10,4,4,0.99998796
10,4,4,0.9999877
10,4,4,0.9999881
10,4,4,0.9999882
10,4,4,0.9999883
10,4,4,0.9999877
10,4,4,0.9999871
10,4,4,0.99998903
10,4,4,0.9999876
10,4,4,0.9999901
10,4,4,0.9999888
10,4,4,0.9999889
10,4,4,0.9999889
10,4,4,0.9999888
10,4,4,0.99998987
10,4,4,0.99999285
10,4,4,0.99999404
10,4,4,0.99999535
10,4,4,0.9999945
10,4,4,0.9999945
10,4,4,0.9999944
10,4,4,0.9999943
10,4,4,0.99999523
10,4,4,0.9999976
10,4,4,0.9999981
10,4,4,0.99999905
10,4,4,0.9999989
10,4,4,0.9999989
10,4,4,0.9999989
10,4,4,0.9999989
10,4,4,0.99999905
10,4,4,0.9999994
10,4,4,0.9999994
10,4,4,0.99999976
10,4,4,0.99999964
10,4,4,0.99999964
10,4,4,0.99999964
10,4,4,0.99999964
10,4,4,0.99999964
10,4,4,0.99999976
10,4,4,0.99999976
10,4,4,0.9999999
10,4,4,0.99999976
10,4,4,0.99999976
10,4,4,0.9999999
10,4,4,0.9999999
10,4,4,0.9999999
10,4,4,0.9999999
10,4,4,0.9999999
10,4,4,0.9999999
10,4,4,0.99999976
10,4,4,0.99999976
10,4,4,0.9999999
10,4,4,0.9999999
10,4,4,0.99999976
10,4,4,0.99999976
10,4,4,0.99999976
10,4,4,0.99999976
10,4,4,0.99999976
10,4,4,0.99999976
10,4,4,0.99999976
10,4,4,0.99999976
10,4,4,0.99999976
10,4,4,0.99999976
10,4,4,0.99999976
10,4,4,0.99999976
10,4,4,0.99999976
10,4,4,0.99999976
10,4,4,0.99999976
10,4,4,0.99999976
10,4,4,0.99999976
10,4,4,0.9999999
10,4,4,0.99999976
10,4,4,0.9999999
10,4,4,0.9999999
10,4,4,0.9999999
10,4,4,0.99999976
10,4,4,0.99999976
10,4,4,0.9999999
10,4,4,0.9999999
10,4,4,0.9999999
10,4,4,1
10,4,4,0.9999999
10,4,4,0.9999999
10,4,4,0.9999999
10,4,4,0.9999999
10,4,4,0.9999999
10,4,4,1
10,4,4,1
10,4,4,1
10,4,4,1
10,4,4,1
10,4,4,1
10,4,4,1
10,4,4,1
10,4,4,1
10,4,4,1
10,4,4,1
10,4,4,1
10,4,4,1
10,4,4,1
10,4,4,1
10,4,4,1
10,4,4,1
10,4,4,1
10,4,4,1
10,4,4,1
10,4,4,1
10,4,4,1
10,4,4,1
10,4,4,1
10,4,4,1
10,4,4,1
10,4,4,1
10,4,4,1
10,4,4,1
10,4,4,1
10,4,4,1
10,4,4,1
10,4,4,1
10,4,4,1
10,4,4,1
10,4,4,1
10,4,4,1
10,4,4,1
10,4,4,1
10,4,4,1
10,4,4,1
10,4,4,1
10,4,4,1
10,4,4,1
10,4,4,1
10,4,4,1
10,4,4,1
10,4,4,1
10,4,4,1
10,4,4,1
10,4,4,1
10,4,4,1
10,4,4,1
10,4,4,1
10,4,4,1
10,4,4,1
10,4,4,1
10,4,4,1
10,4,4,1
10,4,4,1
10,4,4,1
10,4,4,1
10,4,4,1
10,4,4,1
10,4,4,1
10,4,4,1
10,4,4,1
10,4,4,1
10,4,4,1
10,4,4,1
10,4,4,1
10,4,4,1
10,4,4,1
10,4,4,1
10,4,4,1
10,4,4,1
10,4,4,1
10,4,4,1
10,4,4,1
10,4,4,1
10,4,4,1
10,4,4,1
10,4,4,1
10,4,4,1
10,4,4,1
10,4,4,1
10,4,4,1
10,4,4,1
10,4,4,1
10,4,4,1
10,4,4,1
10,4,4,1
10,4,4,1
10,4,4,1
10,4,4,1
10,4,4,1
10,4,4,1
10,4,4,1
10,4,4,1
10,4,4,1
10,4,4,1
10,4,4,1
10,4,4,1
10,4,4,1
10,4,4,1
10,4,4,1
10,4,4,1
10,4,4,1
10,4,4,1
10,4,4,1
10,4,4,1
10,4,4,1
10,4,4,1
10,4,4,1
10,4,4,1
10,4,4,1
10,4,4,1
10,4,4,1
10,4,4,1
10,4,4,1
10,4,4,1
10,4,4,1
10,4,4,1
10,4,4,1
10,4,4,1
10,4,4,1
10,4,4,1
10,4,4,1
10,4,4,1
10,4,4,1
10,4,4,1
10,4,4,1
10,4,4,1
10,4,4,1
10,4,4,1
10,4,4,1
10,4,4,1
10,4,4,1
10,4,4,1
10,4,4,1
10,4,4,1
10,4,4,1
10,4,4,1
10,4,4,1
10,4,4,1
10,4,4,1
10,4,4,1
10,4,4,1
10,4,4,1
10,4,4,1
10,4,4,1
10,4,4,1
10,4,4,1
10,4,4,1
10,4,4,1
10,4,4,1
10,4,4,1
10,4,4,1
10,4,4,1
10,4,4,1
10,4,4,1
10,4,4,1
10,4,4,1
10,4,4,1
10,4,4,1
10,4,4,1
10,4,4,1
10,4,4,1
10,4,4,1
10,4,4,1
10,4,4,1
10,4,4,1
10,4,4,1
10,4,4,1
10,4,4,1
10,4,4,1
10,4,4,1
10,4,4,1
10,4,4,1
10,4,4,1
10,4,4,1
10,4,4,1
10,4,4,1
10,4,4,1
10,4,4,1
10,4,4,1
10,4,4,1
10,4,4,1
10,4,4,1
10,4,4,1
10,4,4,1
10,4,4,1
10,4,4,1
10,4,4,1
10,4,4,1
10,4,4,1
10,4,4,1
10,4,4,1
10,4,4,1
10,4,4,1
10,4,4,1
10,4,4,1
10,4,4,1
10,4,4,1
10,4,4,1
10,4,4,1
10,4,4,1
10,4,4,1
10,4,4,1
10,4,4,1
10,4,4,1
10,4,4,1
10,4,4,1
10,4,4,1
10,4,4,1
10,4,4,1
10,4,4,1
10,4,4,1
10,4,4,1
10,4,4,1
10,4,4,1
10,4,4,1
10,4,4,1
10,4,4,1
10,4,4,1
10,4,4,1
10,4,4,1
10,4,4,1
10,4,4,1
10,4,4,1
10,4,4,1
10,4,4,1
10,4,4,1
10,4,4,1
10,4,4,1
10,4,4,1
10,4,4,1
10,4,4,1
10,4,4,1
10,4,4,1
10,4,4,1
10,4,4,1
10,4,4,1
10,4,4,1
10,4,4,1
10,4,4,1
10,4,4,1
10,4,4,1
10,4,4,1
10,4,4,1
10,4,4,1
10,4,4,1
10,4,4,1
10,4,4,1
10,4,4,1
10,4,4,1
10,4,4,1
10,4,4,1
10,4,4,1
10,4,4,1
10,4,4,1
10,4,4,1
10,4,4,1
10,4,4,1
10,4,4,1
10,4,4,1
10,4,4,1
10,4,4,1
10,4,4,1
10,4,4,1
10,4,4,1
10,4,4,1
10,4,4,1
10,4,4,1
10,4,4,1
10,4,4,1
10,4,4,1
10,4,4,1
10,4,4,1
10,4,4,1
10,4,4,1
10,4,4,1
10,4,4,1
10,4,4,1
10,4,4,1
10,4,4,1
10,4,4,1
10,4,4,1
10,4,4,1
10,4,4,1
10,4,4,1
10,4,4,1
10,4,4,1
10,4,4,1
10,4,4,1
10,4,4,1
10,4,4,1
10,4,4,1
10,4,4,1
10,4,4,1
10,4,4,1
10,4,4,1
10,4,4,1
10,4,4,1
10,4,4,1
10,4,4,1
10,4,4,1
10,4,4,1
10,4,4,1
10,4,4,1
10,4,4,1
10,4,4,1
10,4,4,1
10,4,4,1
10,4,4,1
10,4,4,1
10,4,4,1
10,4,4,1
10,4,4,1
10,4,4,1
10,4,4,1
10,4,4,1
10,4,4,1
10,4,4,1
10,4,4,1
10,4,4,1
10,4,4,1
10,4,4,1
10,4,4,1
10,4,4,1
10,4,4,1
10,4,4,1
10,4,4,1
10,4,4,1
10,4,4,1
10,4,4,1
10,4,4,1
10,4,4,1
10,4,4,1
10,4,4,1
10,4,4,1
10,4,4,1
10,4,4,1
10,4,4,1
10,4,4,1
10,4,4,1
10,4,4,1
10,4,4,1
10,4,4,1
10,4,4,1
10,4,4,1
10,4,4,1
10,4,4,1
10,4,4,1
10,4,4,1
10,4,4,1
10,4,4,1
10,4,4,1
10,4,4,1
10,4,4,1
10,4,4,1
10,4,4,1
10,4,4,1
10,4,4,1
10,4,4,1
10,4,4,1
10,4,4,1
10,4,4,1
10,4,4,1
10,4,4,1
10,4,4,1
10,4,4,1
10,4,4,1
10,4,4,1
10,4,4,1
10,4,4,1
10,4,4,1
10,4,4,1
10,4,4,1
10,4,4,1
10,4,4,1
10,4,4,1
10,4,4,1
10,4,4,1
10,4,4,1
10,4,4,1
10,4,4,1
10,4,4,1
10,4,4,1
10,4,4,1
10,4,4,1
10,4,4,1
10,4,4,1
10,4,4,1
10,4,4,1
10,4,4,1
10,4,4,1
10,4,4,1
10,4,4,1
10,4,4,1
10,4,4,1
10,4,4,1
10,4,4,1
10,4,4,1
10,4,4,1
10,4,4,1
10,4,4,1
10,4,4,1
10,4,4,1
10,4,4,1
10,4,4,1
10,4,4,1
10,4,4,1
10,4,4,1
10,4,4,1
10,4,4,1
10,4,4,1
10,4,4,1
10,4,4,1
10,4,4,1
10,4,4,1
10,4,4,1
10,4,4,1
10,4,4,1
10,4,4,1
10,4,4,1
10,4,4,1
10,4,4,1
10,4,4,1
10,4,4,1
10,4,4,1
10,4,4,1
10,4,4,1
10,4,4,1
10,4,4,1
10,4,4,1
10,4,4,1
10,4,4,1
10,4,4,1
10,4,4,1
10,4,4,1
10,4,4,1
10,4,4,1
10,4,4,1
10,4,4,1
10,4,4,1
10,4,4,1
10,4,4,1
10,4,4,1
10,4,4,1
10,4,4,1
10,4,4,1
10,4,4,1
10,4,4,1
10,4,4,1
10,4,4,1
10,4,4,1
10,4,4,1
10,4,4,1
10,4,4,1
10,4,4,1
10,4,4,1
10,4,4,1
10,4,4,1
10,4,4,1
10,4,4,1
10,4,4,1
10,4,4,1
10,4,4,1
10,4,4,1
10,4,4,1
10,4,4,1
10,4,4,1
10,4,4,1
10,4,4,1
10,4,4,1
10,4,4,1
10,4,4,1
10,4,4,1
10,4,4,1
10,4,4,1
10,4,4,1
10,4,4,1
10,4,4,1
10,4,4,1
10,4,4,1
10,4,4,1
10,4,4,1
10,4,4,1
10,4,4,1
10,4,4,1
10,4,4,1
10,4,4,1
10,4,4,1
10,4,4,1
10,4,4,1
10,4,4,1
10,4,4,1
10,4,4,1
10,4,4,1
10,4,4,1
10,4,4,1
10,4,4,1
10,4,4,1
10,4,4,1
10,4,4,1
10,4,4,1
10,4,4,1
10,4,4,1
10,4,4,1
10,4,4,1
10,4,4,1
10,4,4,1
10,4,4,1
10,4,4,1
10,4,4,1
10,4,4,1
10,4,4,1
10,4,4,1
10,4,4,1
10,4,4,1
10,4,4,1
10,4,4,1
10,4,4,1
10,4,4,1
10,4,4,1
10,4,4,1
10,4,4,1
10,4,4,1
10,4,4,1
10,4,4,1
10,4,4,1
10,4,4,1
10,4,4,1
10,4,4,1
10,4,4,1
10,4,4,1
10,4,4,1
10,4,4,1
10,4,4,1
10,4,4,1
10,4,4,1
10,4,4,1
10,4,4,1
10,4,4,1
10,4,4,1
10,4,4,1
10,4,4,1
10,4,4,1
10,4,4,1
10,4,4,1
10,4,4,1
10,4,4,1
10,4,4,1
10,4,4,1
10,4,4,1
10,4,4,1
10,4,4,1
10,4,4,1
10,4,4,1
10,4,4,1
10,4,4,1
10,4,4,1
10,4,4,1
10,4,4,1
10,4,4,1
10,4,4,1
10,4,4,1
10,4,4,1
10,4,4,1
10,4,4,1
10,4,4,1
10,4,4,1
10,4,4,1
10,4,4,1
10,4,4,1
10,4,4,1
10,4,4,1
10,4,4,1
10,4,4,1
10,4,4,1
10,4,4,1
10,4,4,1
10,4,4,1
10,4,4,1
10,4,4,1
10,4,4,1
10,4,4,1
10,4,4,1
10,4,4,1
10,4,4,1
10,4,4,1
10,4,4,1
10,4,4,1
10,4,4,1
10,4,4,1
10,4,4,1
10,4,4,1
10,4,4,1
10,4,4,1
10,4,4,1
10,4,4,1
10,4,4,1
10,4,4,1
10,4,4,1
10,4,4,1
10,4,4,1
10,4,4,1
10,4,4,1
10,4,4,1
10,4,4,1
10,4,4,1
10,4,4,1
10,4,4,1
10,4,4,1
10,4,4,1
10,4,4,1
10,4,4,1
10,4,4,1
10,4,4,1
10,4,4,1
10,4,4,1
10,4,4,1
10,4,4,1
10,4,4,1
10,4,4,1
10,4,4,1
10,4,4,1
10,4,4,1
10,4,4,1
10,4,4,1
10,4,4,1
10,4,4,1
10,4,4,1
10,4,4,1
10,4,4,1
10,4,4,1
10,4,4,1
10,4,4,1
10,4,4,1
10,4,4,1
10,4,4,1
10,4,4,1
10,4,4,1
10,4,4,1
10,4,4,1
10,4,4,1
10,4,4,1
10,4,4,1
10,4,4,1
10,4,4,1
10,4,4,1
10,4,4,1
10,4,4,1
10,4,4,1
10,4,4,1
10,4,4,1
10,4,4,1
10,4,4,1
10,4,4,1
10,4,4,1
10,4,4,1
10,4,4,1
10,4,4,1
10,4,4,1
10,4,4,1
10,4,4,1
10,4,4,1
10,4,4,1
10,4,4,1
10,4,4,1
10,4,4,1
10,4,4,1
10,4,4,1
10,4,4,1
10,4,4,1
10,4,4,1
10,4,4,1
10,4,4,1
10,4,4,1
10,4,4,1
10,4,4,1
10,4,4,1
10,4,4,1
10,4,4,1
10,4,4,1
10,4,4,1
10,4,4,1
10,4,4,1
10,4,4,1
10,4,4,1
10,4,4,1
10,4,4,1
10,4,4,1
10,4,4,1
10,4,4,1
10,4,4,1
10,4,4,1
10,4,4,1
10,4,4,1
10,4,4,1
10,4,4,1
10,4,4,1
10,4,4,1
10,4,4,1
10,4,4,1
10,4,4,1
10,4,4,1
10,4,4,1
10,4,4,1
10,4,4,1
10,4,4,1
10,4,4,1
10,4,4,1
10,4,4,1
10,4,4,1
10,4,4,1
10,4,4,1
10,4,4,1
10,4,4,1
10,4,4,1
10,4,4,1
10,4,4,1
10,4,4,1
10,4,4,1
10,4,4,1
10,4,4,1
10,4,4,1
10,4,4,1
10,4,4,1
10,4,4,1
10,4,4,1
10,4,4,1
10,4,4,1
10,4,4,1
10,4,4,1
10,4,4,1
10,4,4,1
10,4,4,1
10,4,4,1
10,4,4,1
10,4,4,1
10,4,4,1
10,4,4,1
10,4,4,1
10,4,4,1
10,4,4,1
10,4,4,1
10,4,4,1
10,4,4,1
10,4,4,1
10,4,4,1
10,4,4,1
10,4,4,1
10,4,4,1
10,4,4,1
10,4,4,1
10,4,4,1
10,4,4,1
10,4,4,1
10,4,4,1
10,4,4,1
10,4,4,1
10,4,4,1
10,4,4,1
10,4,4,1
10,4,4,1
10,4,4,1
10,4,4,1
10,4,4,1
10,4,4,1
10,4,4,1
10,4,4,1
10,4,4,1
10,4,4,1
10,4,4,1
10,4,4,1
10,4,4,1
10,4,4,1
10,4,4,1
10,4,4,1
10,4,4,1
10,4,4,1
10,4,4,1
10,4,4,1
10,4,4,1
10,4,4,1
10,4,4,1
10,4,4,1
10,4,4,1
10,4,4,1
10,4,4,1
10,4,4,1
10,4,4,1
10,4,4,1
10,4,4,1
10,4,4,1
10,4,4,1
10,4,4,1
10,4,4,1
10,4,4,1
10,4,4,1
10,4,4,1
10,4,4,1
10,4,4,1
10,4,4,1
10,4,4,1
10,4,4,1
10,4,4,1
10,4,4,1
10,4,4,1
10,4,4,1
10,4,4,1
10,4,4,1
10,4,4,1
10,4,4,1
10,4,4,1
10,4,4,1
10,4,4,1
10,4,4,1
10,4,4,1
10,4,4,1
10,4,4,1
10,4,4,1
10,4,4,1
10,4,4,1
10,4,4,1
10,4,4,1
10,4,4,1
10,4,4,1
10,4,4,1
10,4,4,1
10,4,4,1
10,4,4,1
10,4,4,1
10,4,4,1
10,4,4,1
10,4,4,1
10,4,4,1
10,4,4,1
10,4,4,1
10,4,4,1
10,4,4,1
10,4,4,1
10,4,4,1
10,4,4,1
10,4,4,1
10,4,4,1
10,4,4,1
10,4,4,1
10,4,4,1
10,4,4,1
10,4,4,1
10,4,4,1
10,4,4,1
10,4,4,1
10,4,4,1
10,4,4,1
10,4,4,1
10,4,4,1
10,4,4,1
10,4,4,1
10,4,4,1
10,4,4,1
10,4,4,1
10,4,4,1
10,4,4,1
10,4,4,1
10,4,4,1
10,4,4,1
10,4,4,1
10,4,4,1
10,4,4,1
10,4,4,1
10,4,4,1
10,4,4,1
10,4,4,1
10,4,4,1
10,4,4,1
10,4,4,1
10,4,4,1
10,4,4,1
10,4,4,1
10,4,4,1
10,4,4,1
10,4,4,1
10,4,4,1
10,4,4,1
10,4,4,1
10,4,4,1
10,4,4,1
10,4,4,1
10,4,4,1
10,4,4,1
10,4,4,1
10,4,4,1
10,4,4,1
10,4,4,1
10,4,4,1
10,4,4,1
10,4,4,1
10,4,4,1
10,4,4,1
10,4,4,1
10,4,4,1
10,4,4,1
10,4,4,1
10,4,4,1
10,4,4,1
10,4,4,1
10,4,4,1
10,4,4,1
10,4,4,1
10,4,4,1
10,4,4,1
10,4,4,1
10,4,4,1
10,4,4,1
10,4,4,1
10,4,4,1
10,4,4,1
10,4,4,1
10,4,4,1
10,4,4,1
10,4,4,1
10,4,4,1
10,4,4,1
10,4,4,1
10,4,4,1
10,4,4,1
10,4,4,1
10,4,4,1
10,4,4,1
10,4,4,1
10,4,4,1
10,4,4,1
10,4,4,1
10,4,4,1
10,4,4,1
10,4,4,1
10,4,4,1
10,4,4,1
10,4,4,1
10,4,4,1
10,4,4,1
10,4,4,1
10,4,4,1
10,4,4,1
10,4,4,1
10,4,4,1
10,4,4,1
10,4,4,1
10,4,4,1
10,4,4,1
10,4,4,1
10,4,4,1
10,4,4,1
10,4,4,1
10,4,4,1
10,4,4,1
10,4,4,1
10,4,4,1
10,4,4,1
10,4,4,1
10,4,4,1
10,4,4,1
10,4,4,1
10,4,4,1
10,4,4,1
10,4,4,1
10,4,4,1
10,4,4,1
10,4,4,1
10,4,4,1
10,4,4,1
10,4,4,1
10,4,4,1
10,4,4,1
10,4,4,1
10,4,4,1
10,4,4,1
10,4,4,1
10,4,4,1
10,4,4,1
10,4,4,1
10,4,4,1
10,4,4,1
10,4,4,1
10,4,4,1
10,4,4,1
10,4,4,1
10,4,4,1
10,4,4,1
10,4,4,1
10,4,4,1
10,4,4,1
10,4,4,1
10,4,4,1
10,4,4,1
10,4,4,1
10,4,4,1
10,4,4,1
10,4,4,1
10,4,4,1
10,4,4,1
10,4,4,1
10,4,4,1
10,4,4,1
10,4,4,1
10,4,4,1
10,4,4,1
10,4,4,1
10,4,4,1
10,4,4,1
10,4,4,1
10,4,4,1
10,4,4,1
10,4,4,1
10,4,4,1
10,4,4,1
10,4,4,1
10,4,4,1
10,4,4,1
10,4,4,1
10,4,4,1
10,4,4,1
10,4,4,1
10,4,4,1
10,4,4,1
10,4,4,1
10,4,4,1
10,4,4,1
10,4,4,1
10,4,4,1
10,4,4,1
10,4,4,1
10,4,4,1
10,4,4,1
10,4,4,1
10,4,4,1
10,4,4,1
10,4,4,1
10,4,4,1
10,4,4,1
10,4,4,1
10,4,4,1
10,4,4,1
10,4,4,1
10,4,4,1
10,4,4,1
10,4,4,1
10,4,4,1
10,4,4,1
10,4,4,1
10,4,4,1
10,4,4,1
10,4,4,1
10,4,4,1
10,4,4,1
10,4,4,1
10,4,4,1
10,4,4,1
10,4,4,1
10,4,4,1
10,4,4,1
10,4,4,1
10,4,4,1
10,4,4,1
10,4,4,1
10,4,4,1
10,4,4,1
10,4,4,1
10,4,4,1
10,4,4,1
10,4,4,1
10,4,4,1
10,4,4,1
10,4,4,1
10,4,4,1
10,4,4,1
10,4,4,1
10,4,4,1
10,4,4,1
10,4,4,1
10,4,4,1
10,4,4,1
10,4,4,1
10,4,4,1
10,4,4,1
10,4,4,1
10,4,4,1
10,4,4,1
10,4,4,1
10,4,4,1
10,4,4,1
10,4,4,1
10,4,4,1
10,4,4,1
10,4,4,1
10,4,4,1
10,4,4,1
10,4,4,1
10,4,4,1
10,4,4,1
10,4,4,1
10,4,4,1
10,4,4,1
10,4,4,1
10,4,4,1
10,4,4,1
10,4,4,1
10,4,4,1
10,4,4,1
10,4,4,1
10,4,4,1
10,4,4,1
10,4,4,1
10,4,4,1
10,4,4,1
10,4,4,1
10,4,4,1
10,4,4,1
10,4,4,1
10,4,4,1
10,4,4,1
10,4,4,1
10,4,4,1
10,4,4,1
10,4,4,1
10,4,4,1
10,4,4,1
10,4,4,1
10,4,4,1
10,4,4,1
10,4,4,1
10,4,4,1
10,4,4,1
10,4,4,1
10,4,4,1
10,4,4,1
10,4,4,1
10,4,4,1
10,4,4,1
10,4,4,1
10,4,4,1
10,4,4,1
10,4,4,1
10,4,4,1
10,4,4,1
10,4,4,1
10,4,4,1
10,4,4,1
10,4,4,1
10,4,4,1
10,4,4,1
10,4,4,1
10,4,4,1
10,4,4,1
10,4,4,1
10,4,4,1
10,4,4,1
10,4,4,1
10,4,4,1
10,4,4,1
10,4,4,1
10,4,4,1
10,4,4,1
10,4,4,1
10,4,4,1
10,4,4,1
10,4,4,1
10,4,4,1
10,4,4,1
10,4,4,1
10,4,4,1
10,4,4,1
10,4,4,1
10,4,4,1
10,4,4,1
10,4,4,1
10,4,4,1
10,4,4,1
10,4,4,1
10,4,4,1
10,4,4,1
10,4,4,1
10,4,4,1
10,4,4,1
10,4,4,1
10,4,4,1
10,4,4,1
10,4,4,1
10,4,4,1
10,4,4,1
10,4,4,1
10,4,4,1
10,4,4,1
10,4,4,1
10,4,4,1
10,4,4,1
10,4,4,1
10,4,4,1
10,4,4,1
10,4,4,1
10,4,4,1
10,4,4,1
10,4,4,1
10,4,4,1
10,4,4,1
10,4,4,1
10,4,4,1
10,4,4,1
10,4,4,1
10,4,4,1
10,4,4,1
10,4,4,1
10,4,4,1
10,4,4,1
10,4,4,1
10,4,4,1
10,4,4,1
10,4,4,1
10,4,4,1
10,4,4,1
10,4,4,1
10,4,4,1
10,4,4,1
10,4,4,1
10,4,4,1
10,4,4,1
10,4,4,1
10,4,4,1
10,4,4,1
10,4,4,1
10,4,4,1
10,4,4,1
10,4,4,1
10,4,4,1
10,4,4,1
10,4,4,1
10,4,4,1
10,4,4,1
10,4,4,1
10,4,4,1
10,4,4,1
10,4,4,1
10,4,4,1
10,4,4,1
10,4,4,1
10,4,4,1
10,4,4,1
10,4,4,1
10,4,4,1
10,4,4,1
10,4,4,1
10,4,4,1
10,4,4,1
10,4,4,1
10,4,4,1
10,4,4,1
10,4,4,1
10,4,4,1
10,4,4,1
10,4,4,1
10,4,4,1
10,4,4,1
10,4,4,1
10,4,4,1
10,4,4,1
10,4,4,1
10,4,4,1
10,4,4,1
10,4,4,1
10,4,4,1
10,4,4,1
10,4,4,1
10,4,4,1
10,4,4,1
10,4,4,1
10,4,4,1
10,4,4,1
10,4,4,1
10,4,4,1
10,4,4,1
10,4,4,1
10,4,4,1
10,4,4,1
10,4,4,1
10,4,4,1
10,4,4,1
10,4,4,1
10,4,4,1
10,4,4,1
10,4,4,1
10,4,4,1
10,4,4,1
10,4,4,1
10,4,4,1
10,4,4,1
10,4,4,1
10,4,4,1
10,4,4,1
10,4,4,1
10,4,4,1
10,4,4,1
10,4,4,1
10,4,4,1
10,4,4,1
10,4,4,1
10,4,4,1
10,4,4,1
10,4,4,1
10,4,4,1
10,4,4,1
10,4,4,1
10,4,4,1
10,4,4,1
10,4,4,1
10,4,4,1
10,4,4,1
10,4,4,1
10,4,4,1
10,4,4,1
10,4,4,1
10,4,4,1
10,4,4,1
10,4,4,1
10,4,4,1
10,4,4,1
10,4,4,1
10,4,4,1
10,4,4,1
10,4,4,1
10,4,4,1
10,4,4,1
10,4,4,1
10,4,4,1
10,4,4,1
10,4,4,1
10,4,4,1
10,4,4,1
10,4,4,1
10,4,4,1
10,4,4,1
10,4,4,1
10,4,4,1
10,4,4,1
10,4,4,1
10,4,4,1
10,4,4,1
10,4,4,1
10,4,4,1
10,4,4,1
10,4,4,1
10,4,4,1
10,4,4,1
10,4,4,1
10,4,4,1
10,4,4,1
10,4,4,1
10,4,4,1
10,4,4,1
10,4,4,1
10,4,4,1
10,4,4,1
10,4,4,1
10,4,4,1
10,4,4,1
10,4,4,1
10,4,4,1
10,4,4,1
10,4,4,1
10,4,4,1
10,4,4,1
10,4,4,1
10,4,4,1
10,4,4,1
10,4,4,1
10,4,4,1
10,4,4,1
10,4,4,1
10,4,4,1
10,4,4,1
10,4,4,1
10,4,4,1
10,4,4,1
10,4,4,1
10,4,4,1
10,4,4,1
10,4,4,1
10,4,4,1
10,4,4,1
10,4,4,1
10,4,4,1
10,4,4,1
10,4,4,1
10,4,4,1
10,4,4,1
10,4,4,1
10,4,4,1
10,4,4,1
10,4,4,1
10,4,4,1
10,4,4,1
10,4,4,1
10,4,4,1
10,4,4,1
10,4,4,1
10,4,4,1
10,4,4,1
10,4,4,1
10,4,4,1
10,4,4,1
10,4,4,1
10,4,4,1
10,4,4,1
10,4,4,1
10,4,4,1
10,4,4,1
10,4,4,1
10,4,4,1
10,4,4,1
10,4,4,1
10,4,4,1
10,4,4,1
10,4,4,1
10,4,4,1
10,4,4,1
10,4,4,1
10,4,4,1
10,4,4,1
10,4,4,1
10,4,4,1
10,4,4,1
10,4,4,1
10,4,4,1
10,4,4,1
10,4,4,1
10,4,4,1
10,4,4,1
10,4,4,1
10,4,4,1
10,4,4,1
10,4,4,1
10,4,4,1
10,4,4,1
10,4,4,1
10,4,4,1
10,4,4,1
10,4,4,1
10,4,4,1
10,4,4,1
10,4,4,1
10,4,4,1
10,4,4,1
10,4,4,1
10,4,4,1
10,4,4,1
10,4,4,1
10,4,4,1
10,4,4,1
10,4,4,1
10,4,4,1
10,4,4,1
10,4,4,1
10,4,4,1
10,4,4,1
10,4,4,1
10,4,4,1
10,4,4,1
10,4,4,1
10,4,4,1
10,4,4,1
10,4,4,1
10,4,4,1
10,4,4,1
10,4,4,1
10,4,4,1
10,4,4,1
10,4,4,1
10,4,4,1
10,4,4,1
10,4,4,1
10,4,4,1
10,4,4,1
10,4,4,1
10,4,4,1
10,4,4,1
10,4,4,1
10,4,4,1
10,4,4,1
10,4,4,1
10,4,4,1
10,4,4,1
10,4,4,1
10,4,4,1
10,4,4,1
10,4,4,1
10,4,4,1
10,4,4,1
10,4,4,1
10,4,4,1
10,4,4,1
10,4,4,1
10,4,4,1
10,4,4,1
10,4,4,1
10,4,4,1
10,4,4,1
10,4,4,1
10,4,4,1
10,4,4,1
10,4,4,1
10,4,4,1
10,4,4,1
10,4,4,1
10,4,4,1
10,4,4,1
10,4,4,1
10,4,4,1
10,4,4,1
10,4,4,1
10,4,4,1
10,4,4,1
10,4,4,1
10,4,4,1
10,4,4,1
10,4,4,1
10,4,4,1
10,4,4,1
10,4,4,1
10,4,4,1
10,4,4,1
10,4,4,1
10,4,4,1
10,4,4,1
10,4,4,1
10,4,4,1
10,4,4,1
10,4,4,1
10,4,4,1
10,4,4,1
10,4,4,1
10,4,4,1
10,4,4,1
10,4,4,1
10,4,4,1
10,4,4,1
10,4,4,1
10,4,4,1
10,4,4,1
10,4,4,1
10,4,4,1
10,4,4,1
10,4,4,1
10,4,4,1
10,4,4,1
10,4,4,1
10,4,4,1
10,4,4,1
10,4,4,1
10,4,4,1
10,4,4,1
10,4,4,1
10,4,4,1
10,4,4,1
10,4,4,1
10,4,4,1
10,4,4,1
10,4,4,1
10,4,4,1
10,4,4,1
10,4,4,1
10,4,4,1
10,4,4,1
10,4,4,1
10,4,4,1
10,4,4,1
10,4,4,1
10,4,4,1
10,4,4,1
10,4,4,1
10,4,4,1
10,4,4,1
10,4,4,1
10,4,4,1
10,4,4,1
10,4,4,1
10,4,4,1
10,4,4,1
10,4,4,1
10,4,4,1
10,4,4,1
10,4,4,1
10,4,4,1
10,4,4,1
10,4,4,1
10,4,4,1
10,4,4,1
10,4,4,1
10,4,4,1
10,4,4,1
10,4,4,1
10,4,4,1
10,4,4,1
10,4,4,1
10,4,4,1
10,4,4,1
10,4,4,1
10,4,4,1
10,4,4,1
10,4,4,1
10,4,4,1
10,4,4,1
10,4,4,1
10,4,4,1
10,4,4,1
10,4,4,1
10,4,4,1
10,4,4,1
10,4,4,1
10,4,4,1
10,4,4,1
10,4,4,1
10,4,4,1
10,4,4,1
10,4,4,1
10,4,4,1
10,4,4,1
10,4,4,1
10,4,4,1
10,4,4,1
10,4,4,1
10,4,4,1
10,4,4,1
10,4,4,1
10,4,4,1
10,4,4,1
10,4,4,1
10,4,4,1
10,4,4,1
10,4,4,1
10,4,4,1
10,4,4,1
10,4,4,1
10,4,4,1
10,4,4,1
10,4,4,1
10,4,4,1
10,4,4,1
10,4,4,1
10,4,4,1
10,4,4,1
10,4,4,1
10,4,4,1
10,4,4,1
10,4,4,1
10,4,4,1
10,4,4,1
10,4,4,1
10,4,4,1
10,4,4,1
10,4,4,1
10,4,4,1
10,4,4,1
10,4,4,1
10,4,4,1
10,4,4,1
10,4,4,1
10,4,4,1
10,4,4,1
10,4,4,1
10,4,4,1
10,4,4,1
10,4,4,1
10,4,4,1
10,4,4,1
10,4,4,1
10,4,4,1
10,4,4,1
10,4,4,1
10,4,4,1
10,4,4,1
10,4,4,1
10,4,4,1
10,4,4,1
10,4,4,1
10,4,4,1
10,4,4,1
10,4,4,1
10,4,4,1
10,4,4,1
10,4,4,1
10,4,4,1
10,4,4,1
10,4,4,1
10,4,4,1
10,4,4,1
10,4,4,1
10,4,4,1
10,4,4,1
10,4,4,1
10,4,4,1
10,4,4,1
10,4,4,1
10,4,4,1
10,4,4,1
10,4,4,1
10,4,4,1
10,4,4,1
10,4,4,1
10,4,4,1
10,4,4,1
10,4,4,1
10,4,4,1
10,4,4,1
10,4,4,1
10,4,4,1
10,4,4,1
10,4,4,1
10,4,4,1
10,4,4,1
10,4,4,1
10,4,4,1
10,4,4,1
10,4,4,1
10,4,4,1
10,4,4,1
10,4,4,1
10,4,4,1
10,4,4,1
10,4,4,1
10,4,4,1
10,4,4,1
10,4,4,1
10,4,4,1
10,4,4,1
10,4,4,1
10,4,4,1
10,4,4,1
10,4,4,1
10,4,4,1
10,4,4,1
10,4,4,1
10,4,4,1
10,4,4,1
10,4,4,1
10,4,4,1
10,4,4,1
10,4,4,1
10,4,4,1
10,4,4,1
10,4,4,1
10,4,4,1
10,4,4,1
10,4,4,1
10,4,4,1
10,4,4,1
10,4,4,1
10,4,4,1
10,4,4,1
10,4,4,1
10,4,4,1
10,4,4,1
10,4,4,1
10,4,4,1
10,4,4,1
10,4,4,1
10,4,4,1
10,4,4,1
10,4,4,1
10,4,4,1
10,4,4,1
10,4,4,1
10,4,4,1
10,4,4,1
10,4,4,1
10,4,4,1
10,4,4,1
10,4,4,1
10,4,4,1
10,4,4,1
10,4,4,1
10,4,4,1
10,4,4,1
10,4,4,1
10,4,4,1
10,4,4,1
10,4,4,1
10,4,4,1
10,4,4,1
10,4,4,1
10,4,4,1
10,4,4,1
10,4,4,1
10,4,4,1
10,4,4,1
10,4,4,1
10,4,4,1
10,4,4,1
10,4,4,1
10,4,4,1
10,4,4,1
10,4,4,1
10,4,4,1
10,4,4,1
10,4,4,1
10,4,4,1
10,4,4,1
10,4,4,1
10,4,4,1
10,4,4,1
10,4,4,1
10,4,4,1
10,4,4,1
10,4,4,1
10,4,4,1
10,4,4,1
10,4,4,1
10,4,4,1
10,4,4,1
10,4,4,1
10,4,4,1
10,4,4,1
10,4,4,1
10,4,4,1
10,4,4,1
10,4,4,1
10,4,4,1
10,4,4,1
10,4,4,1
10,4,4,1
10,4,4,1
10,4,4,1
10,4,4,1
10,4,4,1
10,4,4,1
10,4,4,1
10,4,4,1
10,4,4,1
10,4,4,1
10,4,4,1
10,4,4,1
10,4,4,1
10,4,4,1
10,4,4,1
10,4,4,1
10,4,4,1
10,4,4,1
10,4,4,1
10,4,4,1
10,4,4,1
10,4,4,1
10,4,4,1
10,4,4,1
10,4,4,1
10,4,4,1
10,4,4,1
10,4,4,1
10,4,4,1
10,4,4,1
10,4,4,1
10,4,4,1
10,4,4,1
10,4,4,1
10,4,4,1
10,4,4,1
10,4,4,1
10,4,4,1
10,4,4,1
10,4,4,1
10,4,4,1
10,4,4,1
10,4,4,1
10,4,4,1
10,4,4,1
10,4,4,1
10,4,4,1
10,4,4,1
10,4,4,1
10,4,4,1
10,4,4,1
10,4,4,1
10,4,4,1
10,4,4,1
10,4,4,1
10,4,4,1
10,4,4,1
10,4,4,1
10,4,4,1
10,4,4,1
10,4,4,1
10,4,4,1
10,4,4,1
10,4,4,1
10,4,4,1
10,4,4,1
10,4,4,1
10,4,4,1
10,4,4,1
10,4,4,1
10,4,4,1
10,4,4,1
10,4,4,1
10,4,4,1
10,4,4,1
10,4,4,1
10,4,4,1
10,4,4,1
10,4,4,1
10,4,4,1
10,4,4,1
10,4,4,1
10,4,4,1
10,4,4,1
10,4,4,1
10,4,4,1
10,4,4,1
10,4,4,1
10,4,4,1
10,4,4,1
10,4,4,1
10,4,4,1
10,4,4,1
10,4,4,1
10,4,4,1
10,4,4,1
10,4,4,1
10,4,4,1
10,4,4,1
10,4,4,1
10,4,4,1
10,4,4,1
10,4,4,1
10,4,4,1
10,4,4,1
10,4,4,1
10,4,4,1
10,4,4,1
10,4,4,1
10,4,4,1
10,4,4,1
10,4,4,1
10,4,4,1
10,4,4,1
10,4,4,1
10,4,4,1
10,4,4,1
10,4,4,1
10,4,4,1
10,4,4,1
10,4,4,1
10,4,4,1
10,4,4,1
10,4,4,1
10,4,4,1
10,4,4,1
10,4,4,1
10,4,4,1
10,4,4,1
10,4,4,1
10,4,4,1
10,4,4,1
10,4,4,1
10,4,4,1
10,4,4,1
10,4,4,1
10,4,4,1
10,4,4,1
10,4,4,1
10,4,4,1
10,4,4,1
10,4,4,1
10,4,4,1
10,4,4,1
10,4,4,1
10,4,4,1
10,4,4,1
10,4,4,1
10,4,4,1
10,4,4,1
10,4,4,1
10,4,4,1
10,4,4,1
10,4,4,1
10,4,4,1
10,4,4,1
10,4,4,1
10,4,4,1
10,4,4,1
10,4,4,1
10,4,4,1
10,4,4,1
10,4,4,1
10,4,4,1
10,4,4,1
10,4,4,1
10,4,4,1
10,4,4,1
10,4,4,1
10,4,4,1
10,4,4,1
10,4,4,1
10,4,4,1
10,4,4,1
10,4,4,1
10,4,4,1
10,4,4,1
10,4,4,1
10,4,4,1
10,4,4,1
10,4,4,1
10,4,4,1
10,4,4,1
10,4,4,1
10,4,4,1
10,4,4,1
10,4,4,1
10,4,4,1
10,4,4,1
10,4,4,1
10,4,4,1
10,4,4,1
10,4,4,1
10,4,4,1
10,4,4,1
10,4,4,1
10,4,4,1
10,4,4,1
10,4,4,1
10,4,4,1
10,4,4,1
10,4,4,1
10,4,4,1
10,4,4,1
10,4,4,1
10,4,4,1
10,4,4,1
10,4,4,1
10,4,4,1
10,4,4,1
10,4,4,1
10,4,4,1
10,4,4,1
10,4,4,1
10,4,4,1
10,4,4,1
10,4,4,1
10,4,4,1
10,4,4,1
10,4,4,1
10,4,4,1
10,4,4,1
10,4,4,1
10,4,4,1
10,4,4,1
10,4,4,1
10,4,4,1
10,4,4,1
10,4,4,1
10,4,4,1
10,4,4,1
10,4,4,1
10,4,4,1
10,4,4,1
10,4,4,1
10,4,4,1
10,4,4,1
10,4,4,1
10,4,4,1
10,4,4,1
10,4,4,1
10,4,4,1
10,4,4,1
10,4,4,1
10,4,4,1
10,4,4,1
10,4,4,1
10,4,4,1
10,4,4,1
10,4,4,1
10,4,4,1
10,4,4,1
10,4,4,1
10,4,4,1
10,4,4,1
10,4,4,1
10,4,4,1
10,4,4,1
10,4,4,1
10,4,4,1
10,4,4,1
10,4,4,1
10,4,4,1
10,4,4,1
10,4,4,1
10,4,4,1
10,4,4,1
10,4,4,1
10,4,4,1
10,4,4,1
10,4,4,1
10,4,4,1
10,4,4,1
10,4,4,1
10,4,4,1
10,4,4,1
10,4,4,1
10,4,4,1
10,4,4,1
10,4,4,1
10,4,4,1
10,4,4,1
10,4,4,1
10,4,4,1
10,4,4,1
10,4,4,1
10,4,4,1
10,4,4,1
10,4,4,1
10,4,4,1
10,4,4,1
10,4,4,1
10,4,4,1
10,4,4,1
10,4,4,1
10,4,4,1
10,4,4,1
10,4,4,1
10,4,4,1
10,4,4,1
10,4,4,1
10,4,4,1
10,4,4,1
10,4,4,1
10,4,4,1
10,4,4,1
10,4,4,1
10,4,4,1
10,4,4,1
10,4,4,1
10,4,4,1
10,4,4,1
10,4,4,1
10,4,4,1
10,4,4,1
10,4,4,1
10,4,4,1
10,4,4,1
10,4,4,1
10,4,4,1
10,4,4,1
10,4,4,1
10,4,4,1
10,4,4,1
10,4,4,1
10,4,4,1
10,4,4,1
10,4,4,1
10,4,4,1
10,4,4,1
10,4,4,1
10,4,4,1
10,4,4,1
10,4,4,1
10,4,4,1
10,4,4,1
10,4,4,1
10,4,4,1
10,4,4,1
10,4,4,1
10,4,4,1
10,4,4,1
10,4,4,1
10,4,4,1
10,4,4,1
10,4,4,1
10,4,4,1
10,4,4,1
10,4,4,1
10,4,4,1
10,4,4,1
10,4,4,1
10,4,4,1
10,4,4,1
10,4,4,1
10,4,4,1
10,4,4,1
10,4,4,1
10,4,4,1
10,4,4,1
10,4,4,1
10,4,4,1
10,4,4,1
10,4,4,1
10,4,4,1
10,4,4,1
10,4,4,1
10,4,4,1
10,4,4,1
10,4,4,1
10,4,4,1
10,4,4,1
10,4,4,1
10,4,4,1
10,4,4,1
10,4,4,1
10,4,4,1
10,4,4,1
10,4,4,1
10,4,4,1
10,4,4,1
10,4,4,1
10,4,4,1
10,4,4,1
10,4,4,1
10,4,4,1
10,4,4,1
10,4,4,1
10,4,4,1
10,4,4,1
10,4,4,1
10,4,4,1
10,4,4,1
10,4,4,1
10,4,4,1
10,4,4,1
10,4,4,1
10,4,4,1
10,4,4,1
10,4,4,1
10,4,4,1
10,4,4,1
10,4,4,1
10,4,4,1
10,4,4,1
10,4,4,1
10,4,4,1
10,4,4,1
10,4,4,1
10,4,4,1
10,4,4,1
10,4,4,1
10,4,4,1
10,4,4,1
10,4,4,1
10,4,4,1
10,4,4,1
10,4,4,1
10,4,4,1
10,4,4,1
10,4,4,1
10,4,4,1
10,4,4,1
10,4,4,1
10,4,4,1
10,4,4,1
10,4,4,1
10,4,4,1
10,4,4,1
10,4,4,1
10,4,4,1
10,4,4,1
10,4,4,1
10,4,4,1
10,4,4,1
10,4,4,1
10,4,4,1
10,4,4,1
10,4,4,1
10,4,4,1
10,4,4,1
10,4,4,1
10,4,4,1
10,4,4,1
10,4,4,1
10,4,4,1
10,4,4,1
10,4,4,1
10,4,4,1
10,4,4,1
10,4,4,1
10,4,4,1
10,4,4,1
10,4,4,1
10,4,4,1
10,4,4,1
10,4,4,1
10,4,4,1
10,4,4,1
10,4,4,1
10,4,4,1
10,4,4,1
10,4,4,1
10,4,4,1
10,4,4,1
10,4,4,1
10,4,4,1
10,4,4,1
10,4,4,1
10,4,4,1
10,4,4,1
10,4,4,1
10,4,4,1
10,4,4,1
10,4,4,1
10,4,4,1
10,4,4,1
10,4,4,1
10,4,4,1
10,4,4,1
10,4,4,1
10,4,4,1
10,4,4,1
10,4,4,1
10,4,4,1
10,4,4,1
10,4,4,1
10,4,4,1
10,4,4,1
10,4,4,1
10,4,4,1
10,4,4,1
10,4,4,1
10,4,4,1
10,4,4,1
10,4,4,1
10,4,4,1
10,4,4,1
10,4,4,1
10,4,4,1
10,4,4,1
10,4,4,1
10,4,4,1
10,4,4,1
10,4,4,1
10,4,4,1
10,4,4,1
10,4,4,1
10,4,4,1
10,4,4,1
10,4,4,1
10,4,4,1
10,4,4,1
10,4,4,1
10,4,4,1
10,4,4,1
10,4,4,1
10,4,4,1
10,4,4,1
10,4,4,1
10,4,4,1
10,4,4,1
10,4,4,1
10,4,4,1
10,4,4,1
10,4,4,1
10,4,4,1
10,4,4,1
10,4,4,1
10,4,4,1
10,4,4,1
10,4,4,1
10,4,4,1
10,4,4,1
10,4,4,1
10,4,4,1
10,4,4,1
10,4,4,1
10,4,4,1
10,4,4,1
10,4,4,1
10,4,4,1
10,4,4,1
10,4,4,1
10,4,4,1
10,4,4,1
10,4,4,1
10,4,4,1
10,4,4,1
10,4,4,1
10,4,4,1
10,4,4,1
10,4,4,1
10,4,4,1
10,4,4,1
10,4,4,1
10,4,4,1
10,4,4,1
10,4,4,1
10,4,4,1
10,4,4,1
10,4,4,1
10,4,4,1
10,4,4,1
10,4,4,1
10,4,4,1
10,4,4,1
10,4,4,1
10,4,4,1
10,4,4,1
10,4,4,1
10,4,4,1
10,4,4,1
10,4,4,1
10,4,4,1
10,4,4,1
10,4,4,1
10,4,4,1
10,4,4,1
10,4,4,1
10,4,4,1
10,4,4,1
10,4,4,1
10,4,4,1
10,4,4,1
10,4,4,1
10,4,4,1
10,4,4,1
10,4,4,1
10,4,4,1
10,4,4,1
10,4,4,1
10,4,4,1
10,4,4,1
10,4,4,1
10,4,4,1
10,4,4,1
10,4,4,1
10,4,4,1
10,4,4,1
10,4,4,1
10,4,4,1
10,4,4,1
10,4,4,1
10,4,4,1
10,4,4,1
10,4,4,1
10,4,4,1
10,4,4,1
10,4,4,1
10,4,4,1
10,4,4,1
10,4,4,1
10,4,4,1
10,4,4,1
10,4,4,1
10,4,4,1
10,4,4,1
10,4,4,1
10,4,4,1
10,4,4,1
10,4,4,1
10,4,4,1
10,4,4,1
10,4,4,1
10,4,4,1
10,4,4,1
10,4,4,1
10,4,4,1
10,4,4,1
10,4,4,1
10,4,4,1
10,4,4,1
10,4,4,1
10,4,4,1
10,4,4,1
10,4,4,1
10,4,4,1
10,4,4,1
10,4,4,1
10,4,4,1
10,4,4,1
10,4,4,1
10,4,4,1
10,4,4,1
10,4,4,1
10,4,4,1
10,4,4,1
10,4,4,1
10,4,4,1
10,4,4,1
10,4,4,1
10,4,4,1
10,4,4,1
10,4,4,1
10,4,4,1
10,4,4,1
10,4,4,1
10,4,4,1
10,4,4,1
10,4,4,1
10,4,4,1
10,4,4,1
10,4,4,1
10,4,4,1
10,4,4,1
10,4,4,1
10,4,4,1
10,4,4,1
10,4,4,1
10,4,4,1
10,4,4,1
10,4,4,1
10,4,4,1
10,4,4,1
10,4,4,1
10,4,4,1
10,4,4,1
10,4,4,1
10,4,4,1
10,4,4,1
10,4,4,1
10,4,4,1
10,4,4,1
10,4,4,1
10,4,4,1
10,4,4,1
10,4,4,1
10,4,4,1
10,4,4,1
10,4,4,1
10,4,4,1
10,4,4,1
10,4,4,1
10,4,4,1
10,4,4,1
10,4,4,1
10,4,4,1
10,4,4,1
10,4,4,1
10,4,4,1
10,4,4,1
10,4,4,1
10,4,4,1
10,4,4,1
10,4,4,1
10,4,4,1
10,4,4,1
10,4,4,1
10,4,4,1
10,4,4,1
10,4,4,1
10,4,4,1
10,4,4,1
10,4,4,1
10,4,4,1
10,4,4,1
10,4,4,1
10,4,4,1
10,4,4,1
10,4,4,1
10,4,4,1
10,4,4,1
10,4,4,1
10,4,4,1
10,4,4,1
10,4,4,1
10,4,4,1
10,4,4,1
10,4,4,1
10,4,4,1
10,4,4,1
10,4,4,1
10,4,4,1
10,4,4,1
10,4,4,1
10,4,4,1
10,4,4,1
10,4,4,1
10,4,4,1
10,4,4,1
10,4,4,1
10,4,4,1
10,4,4,1
10,4,4,1
10,4,4,1
10,4,4,1
10,4,4,1
10,4,4,1
10,4,4,1
10,4,4,1
10,4,4,1
10,4,4,1
10,4,4,1
10,4,4,1
10,4,4,1
10,4,4,1
10,4,4,1
10,4,4,1
10,4,4,1
10,4,4,1
10,4,4,1
10,4,4,1
10,4,4,1
10,4,4,1
10,4,4,1
10,4,4,1
10,4,4,1
10,4,4,1
10,4,4,1
10,4,4,1
10,4,4,1
10,4,4,1
10,4,4,1
10,4,4,1
10,4,4,1
10,4,4,1
10,4,4,1
10,4,4,1
10,4,4,1
10,4,4,1
10,4,4,1
10,4,4,1
10,4,4,1
10,4,4,1
10,4,4,1
10,4,4,1
10,4,4,1
10,4,4,1
10,4,4,1
10,4,4,1
10,4,4,1
10,4,4,1
10,4,4,1
10,4,4,1
10,4,4,1
10,4,4,1
10,4,4,1
10,4,4,1
10,4,4,1
10,4,4,1
10,4,4,1
10,4,4,1
10,4,4,1
10,4,4,1
10,4,4,1
10,4,4,1
10,4,4,1
10,4,4,1
10,4,4,1
10,4,4,1
10,4,4,1
10,4,4,1
10,4,4,1
10,4,4,1
10,4,4,1
10,4,4,1
10,4,4,1
10,4,4,1
10,4,4,1
10,4,4,1
10,4,4,1
10,4,4,1
10,4,4,1
10,4,4,1
10,4,4,1
10,4,4,1
10,4,4,1
10,4,4,1
10,4,4,1
10,4,4,1
10,4,4,1
10,4,4,1
10,4,4,1
10,4,4,1
10,4,4,1
10,4,4,1
10,4,4,1
10,4,4,1
10,4,4,1
10,4,4,1
10,4,4,1
10,4,4,1
10,4,4,1
10,4,4,1
10,4,4,1
10,4,4,1
10,4,4,1
10,4,4,1
10,4,4,1
10,4,4,1
10,4,4,1
10,4,4,1
10,4,4,1
10,4,4,1
10,4,4,1
10,4,4,1
10,4,4,1
10,4,4,1
10,4,4,1
10,4,4,1
10,4,4,1
10,4,4,1
10,4,4,1
10,4,4,1
10,4,4,1
10,4,4,1
10,4,4,1
10,4,4,1
10,4,4,1
10,4,4,1
10,4,4,1
10,4,4,1
10,4,4,1
10,4,4,1
10,4,4,1
10,4,4,1
10,4,4,1
10,4,4,1
10,4,4,1
10,4,4,1
10,4,4,1
10,4,4,1
10,4,4,1
10,4,4,1
10,4,4,1
10,4,4,1
10,4,4,1
10,4,4,1
10,4,4,1
10,4,4,1
10,4,4,1
10,4,4,1
10,4,4,1
10,4,4,1
10,4,4,1
10,4,4,1
10,4,4,1
10,4,4,1
10,4,4,1
10,4,4,1
10,4,4,1
10,4,4,1
10,4,4,1
10,4,4,1
10,4,4,1
10,4,4,1
10,4,4,1
10,4,4,1
10,4,4,1
10,4,4,1
10,4,4,1
10,4,4,1
10,4,4,1
10,4,4,1
10,4,4,1
10,4,4,1
10,4,4,1
10,4,4,1
10,4,4,1
10,4,4,1
10,4,4,1
10,4,4,1
10,4,4,1
10,4,4,1
10,4,4,1
10,4,4,1
10,4,4,1
10,4,4,1
10,4,4,1
10,4,4,1
10,4,4,1
10,4,4,1
10,4,4,1
10,4,4,1
10,4,4,1
10,4,4,1
10,4,4,1
10,4,4,1
10,4,4,1
10,4,4,1
10,4,4,1
10,4,4,1
10,4,4,1
10,4,4,1
10,4,4,1
10,4,4,1
10,4,4,1
10,4,4,1
10,4,4,1
10,4,4,1
10,4,4,1
10,4,4,1
10,4,4,1
10,4,4,1
10,4,4,1
10,4,4,1
10,4,4,1
10,4,4,1
10,4,4,1
10,4,4,1
10,4,4,1
10,4,4,1
10,4,4,1
10,4,4,1
10,4,4,1
10,4,4,1
10,4,4,1
10,4,4,1
10,4,4,1
10,4,4,1
10,4,4,1
10,4,4,1
10,4,4,1
10,4,4,1
10,4,4,1
10,4,4,1
10,4,4,1
10,4,4,1
10,4,4,1
10,4,4,1
10,4,4,1
10,4,4,1
10,4,4,1
10,4,4,1
10,4,4,1
10,4,4,1
10,4,4,1
10,4,4,1
10,4,4,1
10,4,4,1
10,4,4,1
10,4,4,1
10,4,4,1
10,4,4,1
10,4,4,1
10,4,4,1
10,4,4,1
10,4,4,1
10,4,4,1
10,4,4,1
10,4,4,1
10,4,4,1
10,4,4,1
10,4,4,1
10,4,4,1
10,4,4,1
10,4,4,1
10,4,4,1
10,4,4,1
10,4,4,1
10,4,4,1
10,4,4,1
10,4,4,1
10,4,4,1
10,4,4,1
10,4,4,1
10,4,4,1
10,4,4,1
10,4,4,1
10,4,4,1
10,4,4,1
10,4,4,1
10,4,4,1
10,4,4,1
10,4,4,1
10,4,4,1
10,4,4,1
10,4,4,1
10,4,4,1
10,4,4,1
10,4,4,1
10,4,4,1
10,4,4,1
10,4,4,1
10,4,4,1
10,4,4,1
10,4,4,1
10,4,4,1
10,4,4,1
10,4,4,1
10,4,4,1
10,4,4,1
10,4,4,1
10,4,4,1
10,4,4,1
10,4,4,1
10,4,4,1
10,4,4,1
10,4,4,1
10,4,4,1
10,4,4,1
10,4,4,1
10,4,4,1
10,4,4,1
10,4,4,1
10,4,4,1
10,4,4,1
10,4,4,1
10,4,4,1
10,4,4,1
10,4,4,1
10,4,4,1
10,4,4,1
10,4,4,1
10,4,4,1
10,4,4,1
10,4,4,1
10,4,4,1
10,4,4,1
10,4,4,1
10,4,4,1
10,4,4,1
10,4,4,1
10,4,4,1
10,4,4,1
10,4,4,1
10,4,4,1
10,4,4,1
10,4,4,1
10,4,4,1
10,4,4,1
10,4,4,1
10,4,4,1
10,4,4,1
10,4,4,1
10,4,4,1
10,4,4,1
10,4,4,1
10,4,4,1
10,4,4,1
10,4,4,1
10,4,4,1
10,4,4,1
10,4,4,1
10,4,4,1
10,4,4,1
10,4,4,1
10,4,4,1
10,4,4,1
10,4,4,1
10,4,4,1
10,4,4,1
10,4,4,1
10,4,4,1
10,4,4,1
10,4,4,1
10,4,4,1
10,4,4,1
10,4,4,1
10,4,4,1
10,4,4,1
10,4,4,1
10,4,4,1
10,4,4,1
10,4,4,1
10,4,4,1
10,4,4,1
10,4,4,1
10,4,4,1
10,4,4,1
10,4,4,1
10,4,4,1
10,4,4,1
10,4,4,1
10,4,4,1
10,4,4,1
10,4,4,1
10,4,4,1
10,4,4,1
10,4,4,1
10,4,4,1
10,4,4,1
10,4,4,1
10,4,4,1
10,4,4,1
10,4,4,1
10,4,4,1
10,4,4,1
10,4,4,1
10,4,4,1
10,4,4,1
10,4,4,1
10,4,4,1
10,4,4,1
10,4,4,1
10,4,4,1
10,4,4,1
10,4,4,1
10,4,4,1
10,4,4,1
10,4,4,1
10,4,4,1
10,4,4,1
10,4,4,1
10,4,4,1
10,4,4,1
10,4,4,1
10,4,4,1
10,4,4,1
10,4,4,1
10,4,4,1
10,4,4,1
10,4,4,1
10,4,4,1
10,4,4,1
10,4,4,1
10,4,4,1
10,4,4,1
10,4,4,1
10,4,4,1
10,4,4,1
10,4,4,1
10,4,4,1
10,4,4,1
10,4,4,1
10,4,4,1
10,4,4,1
10,4,4,1
10,4,4,1
10,4,4,1
10,4,4,1
10,4,4,1
10,4,4,1
10,4,4,1
10,4,4,1
10,4,4,1
10,4,4,1
10,4,4,1
10,4,4,1
10,4,4,1
10,4,4,1
10,4,4,1
10,4,4,1
10,4,4,1
10,4,4,1
10,4,4,1
10,4,4,1
10,4,4,1
10,4,4,1
10,4,4,1
10,4,4,1
10,4,4,1
10,4,4,1
10,4,4,1
10,4,4,1
10,4,4,1
10,4,4,1
10,4,4,1
10,4,4,1
10,4,4,1
10,4,4,1
10,4,4,1
10,4,4,1
10,4,4,1
10,4,4,1
10,4,4,1
10,4,4,1
10,4,4,1
10,4,4,1
10,4,4,1
10,4,4,1
10,4,4,1
10,4,4,1
10,4,4,1
10,4,4,1
10,4,4,1
10,4,4,1
10,4,4,1
10,4,4,1
10,4,4,1
10,4,4,1
10,4,4,1
10,4,4,1
10,4,4,1
10,4,4,1
10,4,4,1
10,4,4,1
10,4,4,1
10,4,4,1
10,4,4,1
10,4,4,1
10,4,4,1
10,4,4,1
10,4,4,1
10,4,4,1
10,4,4,1
10,4,4,1
10,4,4,1
10,4,4,1
10,4,4,1
10,4,4,1
10,4,4,1
10,4,4,1
10,4,4,1
10,4,4,1
10,4,4,1
10,4,4,1
10,4,4,1
10,4,4,1
10,4,4,1
10,4,4,1
10,4,4,1
10,4,4,1
10,4,4,1
10,4,4,1
10,4,4,1
10,4,4,1
10,4,4,1
10,4,4,1
10,4,4,1
10,4,4,1
10,4,4,1
10,4,4,1
10,4,4,1
10,4,4,1
10,4,4,1
10,4,4,1
10,4,4,1
10,4,4,1
10,4,4,1
10,4,4,1
10,4,4,1
10,4,4,1
10,4,4,1
10,4,4,1
10,4,4,1
10,4,4,1
10,4,4,1
10,4,4,1
10,4,4,1
10,4,4,1
10,4,4,1
10,4,4,1
10,4,4,1
10,4,4,1
10,4,4,1
10,4,4,1
10,4,4,1
10,4,4,1
10,4,4,1
10,4,4,1
10,4,4,1
10,4,4,1
10,4,4,1
10,4,4,1
10,4,4,1
10,4,4,1
10,4,4,1
10,4,4,1
10,4,4,1
10,4,4,1
10,4,4,1
10,4,4,1
10,4,4,1
10,4,4,1
10,4,4,1
10,4,4,1
10,4,4,1
10,4,4,1
10,4,4,1
10,4,4,1
10,4,4,1
10,4,4,1
10,4,4,1
10,4,4,1
10,4,4,1
10,4,4,1
10,4,4,1
10,4,4,1
10,4,4,1
10,4,4,1
10,4,4,1
10,4,4,1
10,4,4,1
10,4,4,1
10,4,4,1
10,4,4,1
10,4,4,1
10,4,4,1
10,4,4,1
10,4,4,1
10,4,4,1
10,4,4,1
10,4,4,1
10,4,4,1
10,4,4,1
10,4,4,1
10,4,4,1
10,4,4,1
10,4,4,1
10,4,4,1
10,4,4,1
10,4,4,1
10,4,4,1
10,4,4,1
10,4,4,1
10,4,4,1
10,4,4,1
10,4,4,1
10,4,4,1
10,4,4,1
10,4,4,1
10,4,4,1
10,4,4,1
10,4,4,1
10,4,4,1
10,4,4,1
10,4,4,1
10,4,4,1
10,4,4,1
10,4,4,1
10,4,4,1
10,4,4,1
10,4,4,1
10,4,4,1
10,4,4,1
10,4,4,1
10,4,4,1
10,4,4,1
10,4,4,1
10,4,4,1
10,4,4,1
10,4,4,1
10,4,4,1
10,4,4,1
10,4,4,1
10,4,4,1
10,4,4,1
10,4,4,1
10,4,4,1
10,4,4,1
10,4,4,1
10,4,4,1
10,4,4,1
10,4,4,1
10,4,4,1
10,4,4,1
10,4,4,1
10,4,4,1
10,4,4,1
10,4,4,1
10,4,4,1
10,4,4,1
10,4,4,1
10,4,4,1
10,4,4,1
10,4,4,1
10,4,4,1
10,4,4,1
10,4,4,1
10,4,4,1
10,4,4,1
10,4,4,1
10,4,4,1
10,4,4,1
10,4,4,1
10,4,4,1
10,4,4,1
10,4,4,1
10,4,4,1
10,4,4,1
10,4,4,1
10,4,4,1
10,4,4,1
10,4,4,1
10,4,4,1
10,4,4,1
10,4,4,1
10,4,4,1
10,4,4,1
10,4,4,1
10,4,4,1
10,4,4,1
10,4,4,1
10,4,4,1
10,4,4,1
10,4,4,1
10,4,4,1
10,4,4,1
10,4,4,1
10,4,4,1
10,4,4,1
10,4,4,1
10,4,4,1
10,4,4,1
10,4,4,1
10,4,4,1
10,4,4,1
10,4,4,1
10,4,4,1
10,4,4,1
10,4,4,1
10,4,4,1
10,4,4,1
10,4,4,1
10,4,4,1
10,4,4,1
10,4,4,1
10,4,4,1
10,4,4,1
10,4,4,1
10,4,4,1
10,4,4,1
10,4,4,1
10,4,4,1
10,4,4,1
10,4,4,1
10,4,4,1
10,4,4,1
10,4,4,1
10,4,4,1
10,4,4,1
10,4,4,1
10,4,4,1
10,4,4,1
10,4,4,1
10,4,4,1
10,4,4,1
10,4,4,1
10,4,4,1
10,4,4,1
10,4,4,1
10,4,4,1
10,4,4,1
10,4,4,1
10,4,4,1
10,4,4,1
10,4,4,1
10,4,4,1
10,4,4,1
10,4,4,1
10,4,4,1
10,4,4,1
10,4,4,1
10,4,4,1
10,4,4,1
10,4,4,1
10,4,4,1
10,4,4,1
10,4,4,1
10,4,4,1
10,4,4,1
10,4,4,1
10,4,4,1
10,4,4,1
10,4,4,1
10,4,4,1
10,4,4,1
10,4,4,1
10,4,4,1
10,4,4,1
10,4,4,1
10,4,4,1
10,4,4,1
10,4,4,1
10,4,4,1
10,4,4,1
10,4,4,1
10,4,4,1
10,4,4,1
10,4,4,1
10,4,4,1
10,4,4,1
10,4,4,1
10,4,4,1
10,4,4,1
10,4,4,1
10,4,4,1
10,4,4,1
10,4,4,1
10,4,4,1
10,4,4,1
10,4,4,1
10,4,4,1
10,4,4,1
10,4,4,1
10,4,4,1
10,4,4,1
10,4,4,1
10,4,4,1
10,4,4,1
10,4,4,1
10,4,4,1
10,4,4,1
10,4,4,1
10,4,4,1
10,4,4,1
10,4,4,1
10,4,4,1
10,4,4,1
10,4,4,1
10,4,4,1
10,4,4,1
10,4,4,1
10,4,4,1
10,4,4,1
10,4,4,1
10,4,4,1
10,4,4,1
10,4,4,1
10,4,4,1
10,4,4,1
10,4,4,1
10,4,4,1
10,4,4,1
10,4,4,1
10,4,4,1
10,4,4,1
10,4,4,1
10,4,4,1
10,4,4,1
10,4,4,1
10,4,4,1
10,4,4,1
10,4,4,1
10,4,4,1
10,4,4,1
10,4,4,1
10,4,4,1
10,4,4,1
10,4,4,1
10,4,4,1
10,4,4,1
10,4,4,1
10,4,4,1
10,4,4,1
10,4,4,1
10,4,4,1
10,4,4,1
10,4,4,1
10,4,4,1
10,4,4,1
10,4,4,1
10,4,4,1
10,4,4,1
10,4,4,1
10,4,4,1
10,4,4,1
10,4,4,1
10,4,4,1
10,4,4,1
10,4,4,1
10,4,4,1
10,4,4,1
10,4,4,1
10,4,4,1
10,4,4,1
10,4,4,1
10,4,4,1
10,4,4,1
10,4,4,1
10,4,4,1
10,4,4,1
10,4,4,1
10,4,4,1
10,4,4,1
10,4,4,1
10,4,4,1
10,4,4,1
10,4,4,1
10,4,4,1
10,4,4,1
10,4,4,1
10,4,4,1
10,4,4,1
10,4,4,1
10,4,4,1
10,4,4,1
10,4,4,1
10,4,4,1
10,4,4,1
10,4,4,1
10,4,4,1
10,4,4,1
10,4,4,1
10,4,4,1
10,4,4,1
10,4,4,1
10,4,4,1
10,4,4,1
10,4,4,1
10,4,4,1
10,4,4,1
10,4,4,1
10,4,4,1
10,4,4,1
10,4,4,1
10,4,4,1
10,4,4,1
10,4,4,1
10,4,4,1
10,4,4,1
10,4,4,1
10,4,4,1
10,4,4,1
10,4,4,1
10,4,4,1
10,4,4,1
10,4,4,1
10,4,4,1
10,4,4,1
10,4,4,1
10,4,4,1
10,4,4,1
10,4,4,1
10,4,4,1
10,4,4,1
10,4,4,1
10,4,4,1
10,4,4,1
10,4,4,1
10,4,4,1
10,4,4,1
10,4,4,1
10,4,4,1
10,4,4,1
10,4,4,1
10,4,4,1
10,4,4,1
10,4,4,1
10,4,4,1
10,4,4,0.9999999
10,4,4,0.9999994
10,4,4,0.9999999
10,4,4,0.9999999
10,4,4,0.9999999
10,4,4,0.9999999
10,4,4,0.9999672
10,4,4,0.9269641
